CÓDIGO,Departamento,Jurisdicción,Cat.,Nro.,NOMBRE,T,CALLE,Nº,CALLE2,Nº2,CALLE3,Nº3,BARRIO / LOCALIDAD,TELEFONO,COMENTARIO,CH,CA,JA,EA,CTR,JTR,ETR,,Ed. Especial,0,,0,,Ed. Especial,0,,0
MONTEVIDEO - HABILITADO_002,MONTEVIDEO,ESTE,HABILITADO,2,BEATA IMELDA,D,Cno. MALDONADO,5853,,,,,BELLA ITALIA,2514 07 62,,0,0,0,0,0,0,0,,,,,,,,,,
MONTEVIDEO - HABILITADO_003,MONTEVIDEO,OESTE,HABILITADO,3,CLARA JACKSON DE HEBER,M,Av. Dr. LUIS A. de HERRERA,4102,Av. Dr. LUIS A. de HERRERA,4142,,,ATAHUALPA,2203 63 20,,0,0,0,0,0,0,0,,,,,,,,,,
MONTEVIDEO - HABILITADO_004,MONTEVIDEO,OESTE,HABILITADO,4,CORAZON DE MARIA,D,Av. Dr. LUIS A. de HERRERA,2920,,,,,LARRAÑAGA,2481 96 57,,0,0,0,0,0,0,0,,,,,,,,,,
MONTEVIDEO - HABILITADO_005,MONTEVIDEO,OESTE,HABILITADO,5,CEN. INT. DE ED. INFANTIL (C.I.E.I.),D,Av. E. GARZON,1717,,,,,COLON CENTRO,2320 12 28,,0,0,0,0,0,0,0,,,,,,,,,,
MONTEVIDEO - HABILITADO_006,MONTEVIDEO,OESTE,HABILITADO,6,LA DIVINA PROVIDENCIA,D,DIONISIO CORONEL,1012,,,,,LA TEJA,2309 38 69,,0,0,0,0,0,0,0,,,,,,,,,,
MONTEVIDEO - HABILITADO_9-10,MONTEVIDEO,CENTRO,HABILITADO,9-10,ELBIO FERNANDEZ,T,MALDONADO,1381,CANELONES,1382,,,CENTRO,2908 39 98,,0,0,0,0,0,0,0,,,,,,,,,,
MONTEVIDEO - HABILITADO_011,MONTEVIDEO,OESTE,HABILITADO,11,EL CARMEN,T,FELIX OLMEDO,3514,,,,,PRADO,2309 34 93,,0,0,0,0,0,0,0,,,,,,,,,,
MONTEVIDEO - HABILITADO_012,MONTEVIDEO,CENTRO,HABILITADO,12,ELISA QUEIROLO DE MAILHOS,M,NORBERTO ORTIZ,3837,,,,,CERRITO ,2215 16 28,,0,0,0,0,0,0,0,,,,,,,,,,
MONTEVIDEO - HABILITADO_014,MONTEVIDEO,CENTRO,HABILITADO,14,CRISTO DIVINO OBRERO,M,ANTILLAS,5475,,,,,CASAVALLE,2222 42 12,,0,0,0,0,0,0,0,,,,,,,,,,
MONTEVIDEO - HABILITADO_017,MONTEVIDEO,CENTRO,HABILITADO,17,INMACULADA CONCEPCION,T,MERCEDES,984,,,,,CENTRO,2902 96 18,,0,0,0,0,0,0,0,,,,,,,,,,
MONTEVIDEO - HABILITADO_018,MONTEVIDEO,CENTRO,HABILITADO,18,INMACULADO CORAZON DE MARIA,M,MERCEDES,1371,MERCEDES,1383,,,CORDON,2900 61 37,,0,0,0,0,0,0,0,,,,,,,,,,
MONTEVIDEO - HABILITADO_019,MONTEVIDEO,CENTRO,HABILITADO,19,INSTITUTO CRANDON,M,JUAN RAMON GOMEZ,2712,,,,,LA BLANQUEADA,2487 33 75,,0,0,0,0,0,0,0,,,,,,,,,,
MONTEVIDEO - HABILITADO_020,MONTEVIDEO,ESTE,HABILITADO,20,JESUS MARIA,M,EDMUNDO BIANCHI,2228,Gral. MÁXIMO TAJES,6604,AV. ITALIA,6604,CARRASCO NORTE,2600 15 00 / 2604 42 50,,0,0,0,0,0,0,0,,,,,,,,,,
MONTEVIDEO - HABILITADO_021,MONTEVIDEO,CENTRO,HABILITADO,21,JOSE PEDRO VARELA,D,COLONIA,1645,,,,,CORDON,2409 70 20,,0,0,0,0,0,0,0,,,,,,,,,,
MONTEVIDEO - HABILITADO_022,MONTEVIDEO,CENTRO,HABILITADO,22,CEN. ED. PRIM. ADVENTISTA (C.E.P.A.),D,Ing. JOSE SERRATO,3632,Ing. JOSE SERRATO,3630,,,MERCADO MODELO,2215 94 56,,0,0,0,0,0,0,0,,,,,,,,,,
MONTEVIDEO - HABILITADO_023,MONTEVIDEO,OESTE,HABILITADO,23,MADRE PAULINA,D,CARMELO DE ARZADUM,6023,,,,,NUEVO PARIS,2309 70 77,,0,0,0,0,0,0,0,,,,,,,,,,
MONTEVIDEO - HABILITADO_024,MONTEVIDEO,CENTRO,HABILITADO,24,MARIA AUXILIADORA (I.M.A.),M,CANELONES,1701,,,,,CORDON,2418 46 82,,0,0,0,0,0,0,0,,,,,,,,,,
MONTEVIDEO - HABILITADO_025,MONTEVIDEO,ESTE,HABILITADO,25,SAINT DAVID'S SCHOOL,D,PEDRO BERRO,774,JUAN MARÍA PÉREZ,2740,,,POCITOS,2710 24 41 / 2712 02 37,,0,0,0,0,0,0,0,,,,,,,,,,
MONTEVIDEO - HABILITADO_026,MONTEVIDEO,OESTE,HABILITADO,26,Ntra. Sra. DE MONTSERRAT,D,ALASKA,748,,,,, TRES OMBUES,2308 78 10,,0,0,0,0,0,0,0,,,,,,,,,,
MONTEVIDEO - HABILITADO_027,MONTEVIDEO,OESTE,HABILITADO,27,MARIANO,T,Av. MILLAN,4181,,,,,P. DE LAS DURANAS,2309 85 12,,0,0,0,0,0,0,0,,,,,,,,,,
MONTEVIDEO - HABILITADO_028,MONTEVIDEO,CENTRO,HABILITADO,28,MISERICORDISTA,D,Av. SAN MARTIN,3820,,,,,CERRITO,2216 09 80,,0,0,0,0,0,0,0,,,,,,,,,,
MONTEVIDEO - HABILITADO_032,MONTEVIDEO,OESTE,HABILITADO,32,Sta. MARIA DE LA AYUDA,D,BOGOTA,3589,,,,,CERRO,2311 10 20,,0,0,0,0,0,0,0,,,,,,,,,,
MONTEVIDEO - HABILITADO_034,MONTEVIDEO,CENTRO,HABILITADO,34,Ntra. Sra. DEL HUERTO,T,SAN JOSE,990,,,,,CENTRO,2900 47 88,,0,0,0,0,0,0,0,,,,,,,,,,
MONTEVIDEO - HABILITADO_035,MONTEVIDEO,CENTRO,HABILITADO,35,Ntra. Sra. DEL LUJAN,D,Dr. WASHINGTON BELTRAN,1868,,,,,LA BLANQUEADA,2487 77 63,,0,0,0,0,0,0,0,,,,,,,,,,
MONTEVIDEO - HABILITADO_036,MONTEVIDEO,OESTE,HABILITADO,36,CEN. ED. LIBANO,M,MOLINOS DE RAFFO,926,,,,,SAYAGO,2359 32 20,,0,0,0,0,0,0,0,,,,,,,,,,
MONTEVIDEO - HABILITADO_037,MONTEVIDEO,ESTE,HABILITADO,37,Ntra. Sra. DE LOURDES,T,AMAZONAS,1636,,,,,MALVIN,2619 32 69,,0,0,0,0,0,0,0,,,,,,,,,,
MONTEVIDEO - HABILITADO_039,MONTEVIDEO,ESTE,HABILITADO,39,HARWOOD SCHOOL,D,SIRACUSA,2380,,,,,CARRASCO,2601 93 60,,0,0,0,0,0,0,0,,,,,,,,,,
MONTEVIDEO - HABILITADO_041,MONTEVIDEO,OESTE,HABILITADO,41,Ntra. Sra. DEL PERPETUO SOCORRO,T,Av. SAYAGO,1090,,,,,SAYAGO,2359 43 52,,0,0,0,0,0,0,0,,,,,,,,,,
MONTEVIDEO - HABILITADO_043,MONTEVIDEO,CENTRO,HABILITADO,43,PALLOTTI,T,Av. Dr. LUIS A. de HERRERA,2882,,,,,LARRAÑAGA,2487 19 71,,0,0,0,0,0,0,0,,,,,,,,,,
MONTEVIDEO - HABILITADO_044,MONTEVIDEO,OESTE,HABILITADO,44,COLEGIO PIO IX,D,Av. LEZICA,6375,,,,,LEZICA,2322 80 77,,0,0,0,0,0,0,0,,,,,,,,,,
MONTEVIDEO - HABILITADO_045,MONTEVIDEO,CENTRO,HABILITADO,45,REGINA MARTYRUM,M,Ing. JOSE SERRATO,3536,,,,,CERRITO ,2215 34 19,,0,0,0,0,0,0,0,,,,,,,,,,
MONTEVIDEO - HABILITADO_046,MONTEVIDEO,ESTE,HABILITADO,46,SAGRADA FAMILIA,D,Av. ESTANISLAO LOPEZ,4568,Av. ITALIA,4472,,,MALVIN,2619 09 27,,0,0,0,0,0,0,0,,,,,,,,,,
MONTEVIDEO - HABILITADO_047,MONTEVIDEO,CENTRO,HABILITADO,47,SAGRADA FAMILIA,D,Av. LIBERTADOR J. A. LAVALLEJA,1960,,,,,AGUADA,2924 05 59,,0,0,0,0,0,0,0,,,,,,,,,,
MONTEVIDEO - HABILITADO_048,MONTEVIDEO,CENTRO,HABILITADO,48,SAGRADO CORAZON,T,Av. GARIBALDI,1682,Av. GARIBALDI,1693,,,REDUCTO,2209 17 31,,0,0,0,0,0,0,0,,,,,,,,,,
MONTEVIDEO - HABILITADO_050,MONTEVIDEO,ESTE,HABILITADO,50,SAGRADO CORAZON DE JESUS,M,Cno. MALDONADO,6641,,,,,PUNTA DE RIELES,2514 22 22,,0,0,0,0,0,0,0,,,,,,,,,,
MONTEVIDEO - HABILITADO_51-52,MONTEVIDEO,CENTRO,HABILITADO,51-52,SEMINARIO ,D,SORIANO,1472,SORIANO,1473,,,CORDON,2418 40 75,,0,0,0,0,0,0,0,,,,,,,,,,
MONTEVIDEO - HABILITADO_054,MONTEVIDEO,OESTE,HABILITADO,54,INT. ARMENIO NUBARIAN,T,Av. AGRACIADA,2850,,,,,AGUADA,2208 06 28,,0,0,0,0,0,0,0,,,,,,,,,,
MONTEVIDEO - HABILITADO_056,MONTEVIDEO,OESTE,HABILITADO,56,SAN FRANCISCO DE ASIS,D,JOSE LLUPES,4551,,,,,NUEVO PARIS,2305 43 97,,0,0,0,0,0,0,0,,,,,,,,,,
MONTEVIDEO - HABILITADO_057,MONTEVIDEO,OESTE,HABILITADO,57,SAN FRANCISCO DE SALES,D,Bv. ARTIGAS,4365,,,,,BELLA VISTA,2203 32 44,,0,0,0,0,0,0,0,,,,,,,,,,
MONTEVIDEO - HABILITADO_059,MONTEVIDEO,OESTE,HABILITADO,59,SAN JOSE,D,Av. E. GARZON,1867,,,,,COLON,2320 04 40,,0,0,0,0,0,0,0,,,,,,,,,,
MONTEVIDEO - HABILITADO_060,MONTEVIDEO,OESTE,HABILITADO,60,SAN JOSE,T,CARLOS MARIA RAMIREZ,2090,,,,,CERRO NORTE,2311 16 72,,0,0,0,0,0,0,0,,,,,,,,,,
MONTEVIDEO - HABILITADO_064,MONTEVIDEO,OESTE,HABILITADO,64,SAN JOSE LEOPOLDO GIANELLI,T,Cno. LA CAPILLA,3700,,,,,P. DE LA ARENA,2311 43 01,,0,0,0,0,0,0,0,,,,,,,,,,
MONTEVIDEO - HABILITADO_065,MONTEVIDEO,ESTE,HABILITADO,65,SAN JUAN BAUTISTA,T,LUIS B. CAVIA,2830,,,,,POCITOS,2708 33 41,,0,0,0,0,0,0,0,,,,,,,,,,
MONTEVIDEO - HABILITADO_067,MONTEVIDEO,OESTE,HABILITADO,67,SAN LUIS,T,Cno.  LECOCQ,1325,,,,,CONCILIACION,2320 03 97,,0,0,0,0,0,0,0,,,,,,,,,,
MONTEVIDEO - HABILITADO_068,MONTEVIDEO,CENTRO,HABILITADO,68,SAN MIGUEL,M,CONCEPCION ARENAL,1893,,,,,VILLA MUÑOZ,2200 53 18,,0,0,0,0,0,0,0,,,,,,,,,,
MONTEVIDEO - HABILITADO_069,MONTEVIDEO,CENTRO,HABILITADO,69,BILINGÜE CIUDAD VIEJA,D,MACIEL,1371/3 - 1377,BUENOS AIRES,182,ALZAIBAR,1328,CIUDAD VIEJA,2915 52 80,DIRECCIÓN 2 es anexo maternal,0,0,0,0,0,0,0,,,,,,,,,,
MONTEVIDEO - HABILITADO_070,MONTEVIDEO,OESTE,HABILITADO,70,Sta. CLARA,D,BOGOTA,3275,,,,,CERRO,2311 11 81,,0,0,0,0,0,0,0,,,,,,,,,,
MONTEVIDEO - HABILITADO_071,MONTEVIDEO,ESTE,HABILITADO,71,Sta. ELENA,D,Av. Gral. RIVERA,4212,Av. Gral. RIVERA,4331,,,BUCEO,2619 27 19,,0,0,0,0,0,0,0,,,,,,,,,,
MONTEVIDEO - HABILITADO_072,MONTEVIDEO,ESTE,HABILITADO,72,Sta. LUISA DE MARILLAC,T,LARRAVIDE,2406,,,,,UNION,2508 42 59,,0,0,0,0,0,0,0,,,,,,,,,,
MONTEVIDEO - HABILITADO_073,MONTEVIDEO,CENTRO,HABILITADO,73,Sta. MARIA,T,8 DE OCTUBRE,2966,8 DE OCTUBRE,2980,8 DE OCTUBRE,2982,LA BLANQUEADA,2487 22 12,,0,0,0,0,0,0,0,,,,,,,,,,
MONTEVIDEO - HABILITADO_074,MONTEVIDEO,CENTRO,HABILITADO,74,Sta. TERESA DE JESUS,T,SORIANO,1570,,,,,CORDON,2418 41 57,,0,0,0,0,0,0,0,,,,,,,,,,
MONTEVIDEO - HABILITADO_075,MONTEVIDEO,CENTRO,HABILITADO,75,SANTO DOMINGO,M,Av. Gral. RIVERA,2257,,,,,CORDON,2400 73 58,,0,0,0,0,0,0,0,,,,,,,,,,
MONTEVIDEO - HABILITADO_076,MONTEVIDEO,ESTE,HABILITADO,76,SANTO TOMAS DE AQUINO,T,8 DE OCTUBRE,4673,8 DE OCTUBRE,4675,,, MAROÑAS,2514 19 27,,0,0,0,0,0,0,0,,,,,,,,,,
MONTEVIDEO - HABILITADO_077,MONTEVIDEO,ESTE,HABILITADO,77,ESCUELA INT. HEBREO URUGUAYA,D,JOSE BENITO LAMAS,2841,JOSE BENITO LAMAS,2835,JOSE BENITO LAMAS,2845,POCITOS,2708 17 12,,0,0,0,0,0,0,0,,,,,,,,,,
MONTEVIDEO - HABILITADO_078,MONTEVIDEO,ESTE,HABILITADO,78,JUAN ZORRILLA DE SAN MARTIN,T,JOSE ELLAURI,527,,,,,PUNTA CARRETAS,2711 91 38,,0,0,0,0,0,0,0,,,,,,,,,,
MONTEVIDEO - HABILITADO_079,MONTEVIDEO,CENTRO,HABILITADO,79,MARIA INMACULADA,M,SAINT BOIS ,5048,,,,,ITUZAINGO,2514 61 08,,0,0,0,0,0,0,0,,,,,,,,,,
MONTEVIDEO - HABILITADO_080,MONTEVIDEO,CENTRO,HABILITADO,80,Ntra. Sra. DE FATIMA,T,BRITO DEL PINO,1344,,,,,PARQUE BATLLE,2708 43 11,,0,0,0,0,0,0,0,,,,,,,,,,
MONTEVIDEO - HABILITADO_084,MONTEVIDEO,ESTE,HABILITADO,84,LA MENNAIS,D,Ing. ACQUISTAPACE,1701,,,,,PUNTA GORDA,2600 56 20,,0,0,0,0,0,0,0,,,,,,,,,,
MONTEVIDEO - HABILITADO_085,MONTEVIDEO,CENTRO,HABILITADO,85,NOTRE DAME,D,Av. JOSE BELLONI,3350,,,,,J. DEL HIPODROMO,2514 09 33,,0,0,0,0,0,0,0,,,,,,,,,,
MONTEVIDEO - HABILITADO_087,MONTEVIDEO,CENTRO,HABILITADO,87,DOMINGO SAVIO,M,GERMAN PICCIOLLI,3272,,,,,MAROÑAS,2514 00 58,,0,0,0,0,0,0,0,,,,,,,,,,
MONTEVIDEO - HABILITADO_088,MONTEVIDEO,ESTE,HABILITADO,88,GABRIELA MISTRAL,T,AMSTERDAM,1483,AMSTERDAM,1471,,,MALVIN,2619 25 11,,0,0,0,0,0,0,0,,,,,,,,,,
MONTEVIDEO - HABILITADO_089,MONTEVIDEO,ESTE,HABILITADO,89,Sta.  RITA,T,TORONTO,1597,,,,,CARRASCO,2600 46 10,,0,0,0,0,0,0,0,,,,,,,,,,
MONTEVIDEO - HABILITADO_090,MONTEVIDEO,ESTE,HABILITADO,90,COOP. EDUCATIVA DON ORIONE,M,Av. DE LAS INSTRUCCIONES,4142,,,,,MANGA,2222 33 11,,0,0,0,0,0,0,0,,,,,,,,,,
MONTEVIDEO - HABILITADO_092,MONTEVIDEO,OESTE,HABILITADO,92,SAN PABLO,T,VENANCIO BENAVIDEZ,3612,VENANCIO BENAVIDEZ,3616,Av. MILLAN,3615,PRADO,2336 49 14,,0,0,0,0,0,0,0,,,,,,,,,,
MONTEVIDEO - HABILITADO_093,MONTEVIDEO,CENTRO,HABILITADO,93,FEDERICO OZANAM,D,CIRENE,3996,,,,,VILLA ESPAÑOLA,2508 80 64,,0,0,0,0,0,0,0,,,,,,,,,,
MONTEVIDEO - HABILITADO_095,MONTEVIDEO,ESTE,HABILITADO,95,JOHN F. KENNEDY,T,MISSOURI,1485,PILCOMAYO,5229,,,MALVIN,2619 12 97,DIRECCIÓN 2 es el Jardín,0,0,0,0,0,0,0,,,,,,,,,,
MONTEVIDEO - HABILITADO_096,MONTEVIDEO,ESTE,HABILITADO,96,RICHARD ANDERSON,D,JOSE ITURRIAGA,3535,JULIO CÉSAR,1092,,,BUCEO,2622 10 23,,0,0,0,0,0,0,0,,,,,,,,,,
MONTEVIDEO - HABILITADO_098,MONTEVIDEO,CENTRO,HABILITADO,98,Sta. TERESITA DE LISIEUX,M,Cno. PEDRO DE MENDOZA,6025,,,,,PIDERAS BLANCAS,2222 32 14,,0,0,0,0,0,0,0,,,,,,,,,,
MONTEVIDEO - HABILITADO_099,MONTEVIDEO,CENTRO,HABILITADO,99,JOSE  ARTIGAS,D,Av. Dr. LUIS A. de HERRERA,3826,,,,,BRAZO ORIENTAL,2200 88 15,,0,0,0,0,0,0,0,,,,,,,,,,
MONTEVIDEO - HABILITADO_100,MONTEVIDEO,ESTE,HABILITADO,100,LATINOAMERICANO,T,ECHEVERRIA,530,ECHEVERRIA,532,ECHEVERRIA,542,PUNTA CARRETAS,2710 57 12,,0,0,0,0,0,0,0,,,,,,,,,,
MONTEVIDEO - HABILITADO_101,MONTEVIDEO,CENTRO,HABILITADO,101,STA. BERNARDITA,D,Dr. JOSE MARTIRENE,5147,,,,,CASAVALLE,2215 58 52,,0,0,0,0,0,0,0,,,,,,,,,,
MONTEVIDEO - HABILITADO_102,MONTEVIDEO,CENTRO,HABILITADO,102,OBRA BANNEUX,D,Bv. APARICIO SARAVIA,3732,,,,,CASAVALLE,2211 83 96,,0,0,0,0,0,0,0,,,,,,,,,,
MONTEVIDEO - HABILITADO_103,MONTEVIDEO,OESTE,HABILITADO,103,PEDRO POVEDA,T,GARCIA PEÑA,2962,,,,,ATAHUALPA,2200 15 22,,0,0,0,0,0,0,0,,,,,,,,,,
MONTEVIDEO - HABILITADO_104,MONTEVIDEO,CENTRO,HABILITADO,104,DIVINA PASTORA,D,YACUY,4271,,,,,PIEDRAS BLANCAS,2215 47 24,,0,0,0,0,0,0,0,,,,,,,,,,
MONTEVIDEO - HABILITADO_105,MONTEVIDEO,CENTRO,HABILITADO,105,Esc. Primaria Logosófica 11 DE AGOSTO,D,Av. Dr. MANUEL ALBO,2727,,,,,LA BLANQUEADA,2480 25 70,,0,0,0,0,0,0,0,,,,,,,,,,
MONTEVIDEO - HABILITADO_110,MONTEVIDEO,ESTE,HABILITADO,110,Instituto Hebreo Uruguayo YAVNE,D,LUIS B. CAVIA,2800,LUIS B. CAVIA,2880,LUIS B CAVIA,2788,POCITOS,2708 01 00 / 2708 78 69,DIRECCIÓN 3 es el Jardín,0,0,0,0,0,0,0,,,,,,,,,,
MONTEVIDEO - HABILITADO_111,MONTEVIDEO,ESTE,HABILITADO,111,QUEEN´S SCHOOL,D,LIBERTAD,2730,LUIS B. CAVIA,2779,Av. BRASIL,2916,POCITOS,2708 09 24,,0,0,0,0,0,0,0,,,,,,,,,,
MONTEVIDEO - HABILITADO_117,MONTEVIDEO,ESTE,HABILITADO,117,DON BOSCO,M,Cno. MALDONADO,7777,,,,,PUNTA DE RIELES,2222 30 44,,0,0,0,0,0,0,0,,,,,,,,,,
MONTEVIDEO - HABILITADO_120,MONTEVIDEO,OESTE,HABILITADO,120,EVANGELICO BETHESDA,M,Dr. CARLOS MARIA DE LA PENA,4164,,,,,PRADO,2309 34 22,,0,0,0,0,0,0,0,,,,,,,,,,
MONTEVIDEO - HABILITADO_121,MONTEVIDEO,ESTE,HABILITADO,121,COOP. MALVIN NORTE -VICMAN-,D,Cno. CARRASCO,4490,,,,,MALVIN NORTE,2525 42 76,,0,0,0,0,0,0,0,,,,,,,,,,
MONTEVIDEO - HABILITADO_122,MONTEVIDEO,OESTE,HABILITADO,122,Instituto Educacional NERSESIAN,T,Av. AGRACIADA,2842,Av. AGRACIADA,2846,,,CAPURRO,2209 01 65,,0,0,0,0,0,0,0,,,,,,,,,,
MONTEVIDEO - HABILITADO_125,MONTEVIDEO,OESTE,HABILITADO,125,SAN JOSE DE LA PROVIDENCIA,T,CARLOS MARIA RAMIREZ,56,,,,,BELVEDERE,2308 33 11,,0,0,0,0,0,0,0,,,,,,,,,,
MONTEVIDEO - HABILITADO_127,MONTEVIDEO,CENTRO,HABILITADO,127,Bautista DANIEL MC. MURRAY,T,Av. SAN MARTIN,4016,,,,,CERRITO,2216 28 65,,0,0,0,0,0,0,0,,,,,,,,,,
MONTEVIDEO - HABILITADO_131,MONTEVIDEO,ESTE,HABILITADO,131,JEAN PIAGET,D,MASSINI,3134,Av. BRASIL,2586,BALTASAR VARGAS,1184,POCITOS,2708 92 99,,0,0,0,0,0,0,0,,,,,,,,,,
MONTEVIDEO - HABILITADO_132,MONTEVIDEO,CENTRO,HABILITADO,132,NUEVA CULTURA,C,Av. Dr. LUIS A. de HERRERA,2762 - 2762bis,Av. Dr. LUIS A. de HERRERA,2764 bis,Av. Dr. LUIS A. de HERRERA,2758,UNION,2487 30 89,Apto. 002 y 003,0,0,0,0,0,0,0,,,,,,,,,,
MONTEVIDEO - HABILITADO_133,MONTEVIDEO,CENTRO,HABILITADO,133,JOSE BENITO LAMAS,D,IBIROCAHY,4091,,,,,AIRES PUROS,2208 21 59,,0,0,0,0,0,0,0,,,,,,,,,,
MONTEVIDEO - HABILITADO_134,MONTEVIDEO,OESTE,HABILITADO,134,JESUS ISASO,D,HAITI,1606,SANTIN C. ROSSI,4454,,,CERRO,2311 95 15,DIRECCIÓN 2 es Jardin,0,0,0,0,0,0,0,,,,,,,,,,
MONTEVIDEO - HABILITADO_135,MONTEVIDEO,ESTE,HABILITADO,135,MIGUEL DE CERVANTES,D,MAIPU,1751,,,,,PARQUE BATLLE,2480 23 50,,0,0,0,0,0,0,0,,,,,,,,,,
MONTEVIDEO - HABILITADO_136,MONTEVIDEO,CENTRO,HABILITADO,136,AGUSTIN FERREIRO,D,RIVADAVIA,2085,,,,,LA COMERCIAL,2203 62 85,,0,0,0,0,0,0,0,,,,,,,,,,
MONTEVIDEO - HABILITADO_137,MONTEVIDEO,ESTE,HABILITADO,137,AMERICA,T,RIZAL ,3577,,,,,BUCEO,2622 28 55,,0,0,0,0,0,0,0,,,,,,,,,,
MONTEVIDEO - HABILITADO_138,MONTEVIDEO,CENTRO,HABILITADO,138,INGLES,D,FELICIANO RODRIGUEZ,2776,BRITO DEL PINO,1525,AMÉRICO RICALDONI,2838,PARQUE BATLLE,Dir.1: 2707 48 94    /    Dir.2: 2708 28 67    /    Dir.3: 2708 46 59    /    Dir.4: 2709 28 76 (*),DIRECCIÓN 4 (*): RAFAEL PASTORIZA 1469,0,0,0,0,0,0,0,,,,,,,,,,
MONTEVIDEO - HABILITADO_142,MONTEVIDEO,CENTRO,HABILITADO,142,INSTITUTO GESELLIANO (C.I.P.A.G.),D,FCO. VIDIELA,2372,,,,,LA BLANQUEADA,2400 94 24,,0,0,0,0,0,0,0,,,,,,,,,,
MONTEVIDEO - HABILITADO_143,MONTEVIDEO,ESTE,HABILITADO,143,INSTITUTO ARNOLD GESELL,M,RAFAEL PEREZ,1961,,,,,BUCEO,2506 70 63,,0,0,0,0,0,0,0,,,,,,,,,,
MONTEVIDEO - HABILITADO_144,MONTEVIDEO,ESTE,HABILITADO,144,SAGRADO CORAZON DE JESUS,D,CAPITAN VILLADEMOROS,2593,,,,,MAROÑAS,2506 63 44 / 2508 33 61,TELÉFONO 2 es INICIAL,0,0,0,0,0,0,0,,,,,,,,,,
MONTEVIDEO - HABILITADO_146,MONTEVIDEO,ESTE,HABILITADO,146,FEDERICO GARCIA LORCA,C,ENRIQUE ESTRAZULAS,1481,PILCOMAYO,5088,,,MALVIN,2613 32 09 / 2613 58 29,,0,0,0,0,0,0,0,,,,,,,,,,
MONTEVIDEO - HABILITADO_147,MONTEVIDEO,ESTE,HABILITADO,147,COLEGIO DEL SUR,D,VERDI,4431,COLOMBES, 1338 / 1340,,,BUCEO,2619 11 60 / 2613 51 49(*),DIRECCIÓN 1 es además JARDÍN DEL SUR (*),0,0,0,0,0,0,0,,,,,,,,,,
MONTEVIDEO - HABILITADO_148,MONTEVIDEO,OESTE,HABILITADO,148,CEN. ED. ADVENTISTA (C.E.A.),D,SANTA LUCIA,4420,,,,,BELVEDERE,2307 29 07,,0,0,0,0,0,0,0,,,,,,,,,,
MONTEVIDEO - HABILITADO_152,MONTEVIDEO,CENTRO,HABILITADO,152,LA MERCED,T,Dr. JUAN JOSE DE AMEZAGA,2018,,,,,VILLA MUÑOZ,2203 48 65,,0,0,0,0,0,0,0,,,,,,,,,,
MONTEVIDEO - HABILITADO_154,MONTEVIDEO,ESTE,HABILITADO,154,PUNTA CARRETAS LTDA.,D,GARCIA CORTINAS,2432,,,,,PUNTA CARRETAS,2711 97 31,,0,0,0,0,0,0,0,,,,,,,,,,
MONTEVIDEO - HABILITADO_155,MONTEVIDEO,OESTE,HABILITADO,155,EMILIO C. TACCONI,D,Cno. EDISON,4808,,,,,PEÑAROL,2358 29 52,,0,0,0,0,0,0,0,,,,,,,,,,
MONTEVIDEO - HABILITADO_157,MONTEVIDEO,CENTRO,HABILITADO,157,ESCUELA DEL PARQUE,D,Av. Dr. FRANCISCO SOCA,1386,,,,,PARQUE BATLLE,2707 94 54,,0,0,0,0,0,0,0,,,,,,,,,,
MONTEVIDEO - HABILITADO_159,MONTEVIDEO,OESTE,HABILITADO,159,ERIK ERIKSON,T,Av. MILLAN,3058,Av. MILLAN,3131 (*),Av. MILLAN,3133,PRADO,2201 08 81 / 2203 27 35(*),,0,0,0,0,0,0,0,,,,,,,,,,
MONTEVIDEO - HABILITADO_160,MONTEVIDEO,OESTE,HABILITADO,160,CHRISTIAN ANDERSEN,D,Av. MILLAN,4392,,,,,PRADO,2355 09 28,,0,0,0,0,0,0,0,,,,,,,,,,
MONTEVIDEO - HABILITADO_163,MONTEVIDEO,ESTE,HABILITADO,163,URUGUAYAN AMERICAN SCHOOL,D,Av. Dra. SALDUN DE RODRÍGUEZ,2375,,,,,CARRASCO,2600 76 81,,0,0,0,0,0,0,0,,,,,,,,,,
MONTEVIDEO - HABILITADO_164,MONTEVIDEO,ESTE,HABILITADO,164,HORACIO QUIROGA,T,Av. ESTANISLAO LOPEZ,4806,HIPOLITO IRIGOYEN,1642,,,BUCEO,2619 11 59,DIRECCIÓN 2 es además JARDÍN COLORES,0,0,0,0,0,0,0,,,,,,,,,,
MONTEVIDEO - HABILITADO_167,MONTEVIDEO,CENTRO,HABILITADO,167,ESCUELA WARA,M,DURAZNO ,1480,,,,,BARRIO SUR,2410 95 75,,0,0,0,0,0,0,0,,,,,,,,,,
MONTEVIDEO - HABILITADO_169,MONTEVIDEO,CENTRO,HABILITADO,169,FORWARD,T,JOAQUIN REQUENA,1627,,,,,CORDON,2402 37 82,,0,0,0,0,0,0,0,,,,,,,,,,
MONTEVIDEO - HABILITADO_170,MONTEVIDEO,OESTE,HABILITADO,170,SONRISITAS,T,POLONIA ,3953,,,,,CERRO,094 015 722,,0,0,0,0,0,0,0,,,,,,,,,,
MONTEVIDEO - HABILITADO_171,MONTEVIDEO,ESTE,HABILITADO,171,THE ANGLO SCHOOL,D,Av. Dra. SALDUN DE RODRÍGUEZ,2195,,,,,CARRASCO NORTE,2600 64 52  Int. 102,,0,0,0,0,0,0,0,,,,,,,,,,
MONTEVIDEO - HABILITADO_172,MONTEVIDEO,OESTE,HABILITADO,172,DE LOS MOLINOS,D,MOLINOS DE RAFFO,796,AV. MILLÁN,4532,MOLINOS DE RAFFO,780,SAYAGO,2307 87 67 / 2359 39 41,DIRECCIÓN 3 es el Jardín (2308 15 36),0,0,0,0,0,0,0,,,,,,,,,,
MONTEVIDEO - HABILITADO_175,MONTEVIDEO,OESTE,HABILITADO,175, BET-EL,D,Cno. CASTRO,307,,,,,PRADO,2307 81 87,,0,0,0,0,0,0,0,,,,,,,,,,
MONTEVIDEO - HABILITADO_178,MONTEVIDEO,OESTE,HABILITADO,178,OLGA CARROZELLI,D ,Av. LEZICA,6204,,,,,LEZICA,2323 47 11,,0,0,0,0,0,0,0,,,,,,,,,,
MONTEVIDEO - HABILITADO_179,MONTEVIDEO,CENTRO,HABILITADO,179,SAINT BRENDAN'S SCHOOL, D,Av. Gral. RIVERA,2314,JOAQUÍN NUÑEZ,2774 / 2778(*),JOAQUÍN NUÑEZ,2784(*),CORDON / POCITOS(*),2409 49 39 / 2710 06 03(*),DIRECCIÓN 4: Bv. ARTIGAS 444,0,0,0,0,0,0,0,,,,,,,,,,
MONTEVIDEO - HABILITADO_180,MONTEVIDEO,OESTE,HABILITADO,180,ATAHUALPA,D ,CARMELO ,1415,,,,,PRADO,2336 44 54,,0,0,0,0,0,0,0,,,,,,,,,,
MONTEVIDEO - HABILITADO_181,MONTEVIDEO,ESTE,HABILITADO,181,GUSTAVO ADOLFO BECQUER,D ,Av. Gral. RIVERA,4606,,,,,MALVIN,2619 30 58,,0,0,0,0,0,0,0,,,,,,,,,,
MONTEVIDEO - HABILITADO_182,MONTEVIDEO,ESTE,HABILITADO,182,REINA REYES,D,CAPITAN LACOSTA,4138,,,,,,2227 20 21,,0,0,0,0,0,0,0,,,,,,,,,,
MONTEVIDEO - HABILITADO_185,MONTEVIDEO,ESTE,HABILITADO,185,COLEGIO Y LICEO FRANCES,D,BENIGNO PAIVA,1160,,,,,BUCEO,2628 55 44,,0,0,0,0,0,0,0,,,,,,,,,,
MONTEVIDEO - HABILITADO_188,MONTEVIDEO,CENTRO,HABILITADO,188,PAULO FREIRE,D,Av. ITALIA,3022,JUAN SPIKERMAN ,2068(*),,,LA BLANQUEADA,2480 08 99 / 2481 09 37(*),DIRECCIÓN 2 es el Jardín(*),0,0,0,0,0,0,0,,,,,,,,,,
MONTEVIDEO - HABILITADO_189,MONTEVIDEO,ESTE,HABILITADO,189,WOODLANDS SCHOOL,D,SAN CARLOS DE BOLIVAR,S/N,,,,,CARRASCO,2601 46 02 / 2601 88 29,Otros teléfonos: 2601 88 99 / 2604 27 14,0,0,0,0,0,0,0,,,,,,,,,,
MONTEVIDEO - HABILITADO_190,MONTEVIDEO,CENTRO,HABILITADO,190,THE ANGLO SCHOOL,D,SAN JOSE,1426,JAVIER BARRIOS AMORÍN,1275,,,CORDON,2902 37 73,,0,0,0,0,0,0,0,,,,,,,,,,
MONTEVIDEO - HABILITADO_193,MONTEVIDEO,OESTE,HABILITADO,193,VAN GOGH,D,CARLOS MARIA RAMIREZ,140,BELVEDERE,4376(*),,,BELVEDERE,2307 82 54 / 2308 65 93(*),DIRECCIÓN 2 es además JARDÍN PILLÍN(*),0,0,0,0,0,0,0,,,,,,,,,,
MONTEVIDEO - HABILITADO_195,MONTEVIDEO,ESTE,HABILITADO,195,ALEMAN,D,Av. Dr. FRANCISCO SOCA,1356,GABRIEL PEREIRA,2815 / 2827,,,POCITOS,2708 43 81,,0,0,0,0,0,0,0,,,,,,,,,,
MONTEVIDEO - HABILITADO_197,MONTEVIDEO,ESTE,HABILITADO,197,SCUOLA ITALIANA,T,Gral. FRENCH,2180,,,,,CARRASCO,2600 15 27  Int. 119,,0,0,0,0,0,0,0,,,,,,,,,,
MONTEVIDEO - HABILITADO_199,MONTEVIDEO,OESTE,HABILITADO,199,COLEGIO ED. GANDHI,D,JOAQUÍN SUAREZ,2868,,,,,BELLA VISTA,2200 31 19,,0,0,0,0,0,0,0,,,,,,,,,,
MONTEVIDEO - HABILITADO_200,MONTEVIDEO,CENTRO,HABILITADO,200,LIFE SCHOOL,D,CANELONES,1069,,,,,CENTRO,2900 71 78,,0,0,0,0,0,0,0,,,,,,,,,,
MONTEVIDEO - HABILITADO_201,MONTEVIDEO,ESTE,HABILITADO,201,EDU SCHOOL,D,FCO. SOLANO ANTUÑA,2618,,,,,PUNTA CARRETAS,2710 25 72,,0,0,0,0,0,0,0,,,,,,,,,,
MONTEVIDEO - HABILITADO_202,MONTEVIDEO,CENTRO,HABILITADO,202,GIRATIERRA,D,DAMASO ANTONIO LARRAÑAGA,3246,,,,,PARQUE BATLLE,2481 89 92,,0,0,0,0,0,0,0,,,,,,,,,,
MONTEVIDEO - HABILITADO_203,MONTEVIDEO,ESTE,HABILITADO,203,STELLA MARIS,D,MAXIMO TAJES,7359,HERMANO PATRICK KELLY,2269,VICTOR SUDRIERS,7346,CARRASCO,2600 07 02,,0,0,0,0,0,0,0,,,,,,,,,,
MONTEVIDEO - HABILITADO_205,MONTEVIDEO,OESTE,HABILITADO,205,JUAN MANUEL BLANES,D,Av. MILLAN,4024,LUIS A. de HERRERA,4611(*),,,PRADO,2336 18 38 / 2337 52 72(*),,0,0,0,0,0,0,0,,,,,,,,,,
MONTEVIDEO - HABILITADO_206,MONTEVIDEO,ESTE,HABILITADO,206,SOL DE JULIO,D,ABIPONES,5827,,,,,BELLA  ITALIA,2514 07 90,,0,0,0,0,0,0,0,,,,,,,,,,
MONTEVIDEO - HABILITADO_207,MONTEVIDEO,OESTE,HABILITADO,207,JUANA DE AMERICA,D,GRITO DE ASENCIO,1136,,,,,BELLA VISTA,2208 48 50,,0,0,0,0,0,0,0,,,,,,,,,,
MONTEVIDEO - HABILITADO_208,MONTEVIDEO,CENTRO,HABILITADO,208,PABLO ANDION,D,LOCARNO,3629,,,,,J. DEL HIPODROMO,2511 77 86,,0,0,0,0,0,0,0,,,,,,,,,,
MONTEVIDEO - HABILITADO_209,MONTEVIDEO,OESTE,HABILITADO,209,PRADO SCHOOL,D,19 DE ABRIL,1106,,,,,PRADO,2336 74 88,,0,0,0,0,0,0,0,,,,,,,,,,
MONTEVIDEO - HABILITADO_210,MONTEVIDEO,CENTRO,HABILITADO,210,URUGUAY PIRI,D,VILARDEBO,1209,GRAL. FRAGA ,2195,,,REDUCTO,2203 43 39,DIRECCIÓN1 es además JARDÍN CAPERUCITA ROJA(*),0,0,0,0,0,0,0,,,,,,,,,,
MONTEVIDEO - HABILITADO_211,MONTEVIDEO,CENTRO,HABILITADO,211,INTEGRAL EDUC-ARTE,T,Av. JOSE BELLONI,6210,,,,,MANGA,2227 51 21,,0,0,0,0,0,0,0,,,,,,,,,,
MONTEVIDEO - HABILITADO_212,MONTEVIDEO,ESTE,HABILITADO,212,EL CANTARO FRESCO,T,GRATHIBAUT,1773,,,,,BUCEO,2481 58 51,,0,0,0,0,0,0,0,,,,,,,,,,
MONTEVIDEO - HABILITADO_213,MONTEVIDEO,CENTRO,HABILITADO,213,NUEVA GENERACIÓN,D,AV. J. BELLONI,3231,,,,,MAROÑAS,2513 91 08,,0,0,0,0,0,0,0,,,,,,,,,,
MONTEVIDEO - HABILITADO_214,MONTEVIDEO,ESTE,HABILITADO,214,MAHANAIM,D,AV. ITALIA,4188,,,,,MALVIN,2614 29 01,,0,0,0,0,0,0,0,,,,,,,,,,
MONTEVIDEO - HABILITADO_215,MONTEVIDEO,ESTE,HABILITADO,215,IMAGINATE,D,JUAN BAUTISTA ALBERDI,5890,,,,,CARRASCO,2600 27 91,,0,0,0,0,0,0,0,,,,,,,,,,
MONTEVIDEO - HABILITADO_217,MONTEVIDEO,CENTRO,HABILITADO,217,ACJ - ASOC. CRISTIANA DE JOVENES,,EDUARDO ACEVEDO,1629,COLONIA,1870(*),,,CORDÓN,2402 38 30 / 2400 11 16(*),,0,0,0,0,0,0,0,,,,,,,,,,
MONTEVIDEO - HABILITADO_218,MONTEVIDEO,ESTE,HABILITADO,218,MONTEVIDEO COLLEGE,D,26 DE MARZO,1130,,,,,POCITOS,2707 48 82,,0,0,0,0,0,0,0,,,,,,,,,,
MONTEVIDEO - HABILITADO_219,MONTEVIDEO,OESTE,HABILITADO,219,INSTITUTO DE LOS JOVENES (IDEJO),D,AV. 19 DE ABRIL,3333,,,,,PRADO,2309 35 53,,0,0,0,0,0,0,0,,,,,,,,,,
MONTEVIDEO - HABILITADO_220,MONTEVIDEO,CENTRO,HABILITADO,220,NUEVA ESPERANZA,D,IRURETA GOYENA,3359,,,,,VILLA ESPAÑOLA,2506 96 01 ,,0,0,0,0,0,0,0,,,,,,,,,,
MONTEVIDEO - HABILITADO_221,MONTEVIDEO,CENTRO,HABILITADO,221,JOSE E. RODO,D,Cno. MALDONADO,5474,,,,,FLOR DE MAROÑAS,2513 60 52,,0,0,0,0,0,0,0,,,,,,,,,,
MONTEVIDEO - HABILITADO_222,MONTEVIDEO,ESTE,HABILITADO,222,ALFA Y OMEGA,D,Av. JOSE BELLONI,5894,,,,,PIEDRAS BLANCAS,2227 93 03,,0,0,0,0,0,0,0,,,,,,,,,,
MONTEVIDEO - HABILITADO_223,MONTEVIDEO,ESTE,HABILITADO,223,RAYUELA,D,AV. ITALIA,3185,,,,,LA BLANQUEADA,2487 13 11,,0,0,0,0,0,0,0,,,,,,,,,,
MONTEVIDEO - HABILITADO_224,MONTEVIDEO,CENTRO,HABILITADO,224,LOS ROSALES,D,CAPITAN TULA,5150,,,,,CASAVALLE,2222 62 03,,0,0,0,0,0,0,0,,,,,,,,,,
MONTEVIDEO - HABILITADO_225,MONTEVIDEO,CENTRO,HABILITADO,225,DELMIRA AGUSTINI,D,BR. ARTIGAS,3062,,,,,BRAZO ORIENTAL,2481 17 25,,0,0,0,0,0,0,0,,,,,,,,,,
MONTEVIDEO - HABILITADO_226,MONTEVIDEO,OESTE,HABILITADO,226,ROSA MÍSTICA,D,PEDRO DE VALDIVIA,5315,AVDA. GARZÓN,1499,,,COLÓN,2320 70 47,,0,0,0,0,0,0,0,,,,,,,,,,
MONTEVIDEO - HABILITADO_227,MONTEVIDEO,OESTE,HABILITADO,227,KALA- BETHUEL,,FRAY LUIS DE LEÓN,2458,,,,,MARACANÁ,2318 01 29,,0,0,0,0,0,0,0,,,,,,,,,,
MONTEVIDEO - HABILITADO_228,MONTEVIDEO,ESTE,HABILITADO,228,EDUVI,V,RUTA 8 KM 13200,6902,,,,,PUNTA DE RIELES,2513 48 13,,0,0,0,0,0,0,0,,,,,,,,,,
MONTEVIDEO - HABILITADO_229,MONTEVIDEO,OESTE,HABILITADO,229,LAJAU,,GRAL PALLEJAS,2590,,,,,ARROYO SECO,2203 39 16,,0,0,0,0,0,0,0,,,,,,,,,,
MONTEVIDEO - HABILITADO_230,MONTEVIDEO,CENTRO,HABILITADO,230,LIBER FALCO,D,BVAR. ARTIGAS,2310,,,,,LA BLANQUEADA,2481 69 21,,0,0,0,0,0,0,0,,,,,,,,,,
MONTEVIDEO - HABILITADO_231,MONTEVIDEO,ESTE,HABILITADO,231,RUDOLF STEINER,D,AV. BOLIVIA,242,,,,,CARRASCO,2600 83 23,,0,0,0,0,0,0,0,,,,,,,,,,
MONTEVIDEO - HABILITADO_232,MONTEVIDEO,CENTRO,HABILITADO,232,IMPULSO,C,AV. SAN MARTÍN,4701,,,,,CERRITO,2216 00 50,,0,0,0,0,0,0,0,,,,,,,,,,
MONTEVIDEO - HABILITADO_233,MONTEVIDEO,ESTE,HABILITADO,233,SANTA MARGARITA,,JOAQUIN DE LA SAGRA,,,,,,,092 641 190,,,,,,,,,,,,,,,,,,
MONTEVIDEO - HABILITADO_234,MONTEVIDEO,OESTE,HABILITADO,234,JUAN BAUTISTA CROSA,,AV. GARZON ,1835,,,,,COLON,2323 34 68,,,,,,,,,,,,,,,,,,
MONTEVIDEO - HABILITADO_235,MONTEVIDEO,CENTRO,HABILITADO,235,CLOVER SCHOOL,,JUAN PAULLIER,1778,,,,,TRES CRUCES,2408 66 77,,,,,,,,,,,,,,,,,,
,MONTEVIDEO,CENTRO,HABILITADO,236,CONECTADOS APRENDEMOS JUNTOS,,NUEVA TROYA,3589,,,,,CERRITO DE LA VICTORIA,22114376,,,,,,,,,,,,,,,,,,
,MONTEVIDEO,ESTE,HABILITADO,237,D’AMORE MONTESSORI SCHOOL,,AVDA. GRAL. RIVERA,4511,,,,,MALVIN,099 184 380,,,,,,,,,,,,,,,,,,
,MONTEVIDEO,CENTRO,HABILITADO,238,ORANGE SCHOOL,,GRAL. URQUIZA,2516,,,,,TRES CRUCES,2482 80 52,,,,,,,,,,,,,,,,,,
MONTEVIDEO - AUTORIZADO_007,MONTEVIDEO,ESTE,AUTORIZADO,7,LOS PILARES,D,PRUDENCIO DE PENA,2525,,,,,PARQUE BATLLE,2708 21 18,,0,0,0,0,0,0,0,,,,,,,,,,
MONTEVIDEO - AUTORIZADO_009,MONTEVIDEO,ESTE,AUTORIZADO,9,SAINT PATRICK'S COLLEGE,D,Cno. GIGANTE,2735,,,,,CARRASCO NORTE,2601 34 74,,0,0,0,0,0,0,0,,,,,,,,,,
MONTEVIDEO - AUTORIZADO_013,MONTEVIDEO,ESTE,AUTORIZADO,13,IVY THOMAS MEMORIAL SCHOOL,T,ROQUE GRASERAS,775,,,,,POCITOS,2710 23 96,,0,0,0,0,0,0,0,,,,,,,,,,
MONTEVIDEO - AUTORIZADO_017,MONTEVIDEO,ESTE,AUTORIZADO,17,SAINT ANDREW'S SCHOOL,D,LUIS B. CAVIA,2791,,,,,POCITOS,2709 49 51,,0,0,0,0,0,0,0,,,,,,,,,,
MONTEVIDEO - AUTORIZADO_019,MONTEVIDEO,ESTE,AUTORIZADO,19,THE BRITISH SCHOOLS,D,MAXIMO TAJES,6421,,,,,CARRASCO,2600 34 21,,0,0,0,0,0,0,0,,,,,,,,,,
MONTEVIDEO - AUTORIZADO_020,MONTEVIDEO,ESTE,AUTORIZADO,20,MONTE VI,D,LUIS B. CAVIA,2827,,,,,POCITOS,27090488,,,,,,,,,,,,,,,,,,
MONTEVIDEO - AUTORIZADO_022,MONTEVIDEO,ESTE,AUTORIZADO,22,INSTITUTO DE ENSEÑANZA MARANATHA,D,Cno.MALDONADO,6494,,,,,PUNTA DE RIELES,2514 56 82,,0,0,0,0,0,0,0,,,,,,,,,,
MONTEVIDEO - AUTORIZADO_023,MONTEVIDEO,OESTE,AUTORIZADO,23,CEN. DE ED. NATURAL E INTEGRAL (C.E.N.I.),D,Av. Dr. LUIS A. de HERRERA,4092,,,,,BRAZO ORIENTAL,2208 24 28,,0,0,0,0,0,0,0,,,,,,,,,,
MONTEVIDEO - AUTORIZADO_032,MONTEVIDEO,ESTE,AUTORIZADO,32,SAINT GEORGE'S SCHOOL,D,DONICETTI,1353,,,,,BUCEO,2613 95 20,,0,0,0,0,0,0,0,,,,,,,,,,
MONTEVIDEO - JARDIN_002,MONTEVIDEO,NINGUNA,JARDIN,2,INSTITUTO GESELLIANO,,Av. GARIBALDI,2235,,,,,,2203 41 01,,0,0,0,0,0,0,0,,,,,,,,,,
MONTEVIDEO - JARDIN_007,MONTEVIDEO,NINGUNA,JARDIN,7,EL CASTILLITO,,Av. Dr. LUIS A. de HERRERA,2453,,,,,,2481 40 65,,0,0,0,0,0,0,0,,,,,,,,,,
MONTEVIDEO - JARDIN_013,MONTEVIDEO,NINGUNA,JARDIN,13,ARNOLD GESELL,,COMERCIO,1954/58,COMERCIO,1971(*),Av. ITALIA,3668,,2208 37 00 / 2506 67 70(*),DIRECCIÓN 3 es el MATERNAL (2506 23 50),0,0,0,0,0,0,0,,,,,,,,,,
MONTEVIDEO - JARDIN_024,MONTEVIDEO,NINGUNA,JARDIN,24,LA CIGÜEÑA,,MAIPU,1761,,,,,,2481 41 81,,0,0,0,0,0,0,0,,,,,,,,,,
MONTEVIDEO - JARDIN_026,MONTEVIDEO,NINGUNA,JARDIN,26,INSTITUTO DE FORMACION PREESCOLAR MAFALDA,,ARIOSTO,235,,,,,,2710 39 86,,0,0,0,0,0,0,0,,,,,,,,,,
MONTEVIDEO - JARDIN_033,MONTEVIDEO,NINGUNA,JARDIN,33,BANCO REPUBLICA,,CHUCARRO,1330,,,,,,2709 27 19,,0,0,0,0,0,0,0,,,,,,,,,,
MONTEVIDEO - JARDIN_050,MONTEVIDEO,NINGUNA,JARDIN,50,GUARDERÍA Y JARDÍN AEBU (Bancarios),,JUAN CARLOS GOMEZ,1272,JUAN CARLOS GOMEZ,1265,,,,2915 58 18,,0,0,0,0,0,0,0,,,,,,,,,,
MONTEVIDEO - JARDIN_056,MONTEVIDEO,NINGUNA,JARDIN,56,LOS CANGURITOS,,Cno. CARRASCO,5385,,,,,,2522 18 65,,0,0,0,0,0,0,0,,,,,,,,,,
MONTEVIDEO - JARDIN_062,MONTEVIDEO,NINGUNA,JARDIN,62,JEAN PIAGET,,LIBERTAD,2795,,,,,,2709 13 06,,0,0,0,0,0,0,0,,,,,,,,,,
MONTEVIDEO - JARDIN_082,MONTEVIDEO,NINGUNA,JARDIN,82,FEDERICO FROEBEL,,Edil HUGO PRATTO,2175,,,,,,2409 34 89,,0,0,0,0,0,0,0,,,,,,,,,,
MONTEVIDEO - JARDIN_086,MONTEVIDEO,NINGUNA,JARDIN,86,GRILLITOS,,Av. LEGRAND,5098,,,,,,2619 46 75,,0,0,0,0,0,0,0,,,,,,,,,,
MONTEVIDEO - JARDIN_096,MONTEVIDEO,NINGUNA,JARDIN,96,EL RATON AZUL,,FRANCISCO BAUZA,3756,,,,,,2628 15 58,,0,0,0,0,0,0,0,,,,,,,,,,
MONTEVIDEO - JARDIN_104,MONTEVIDEO,NINGUNA,JARDIN,104,JESUS,,Bv. JOSE BATLLE Y ORDOÑEZ,4820,,,,,,2216 03 44,,0,0,0,0,0,0,0,,,,,,,,,,
MONTEVIDEO - JARDIN_106,MONTEVIDEO,NINGUNA,JARDIN,106,PIO PIO,,HIPOLITO MORDEILLE,4140,,,,,,2508 61 45,,0,0,0,0,0,0,0,,,,,,,,,,
MONTEVIDEO - JARDIN_119,MONTEVIDEO,NINGUNA,JARDIN,119,PAULO FREIRE,,SPIKERMAN ,2085,,,,,,2480 08 99,,0,0,0,0,0,0,0,,,,,,,,,,
MONTEVIDEO - JARDIN_120,MONTEVIDEO,NINGUNA,JARDIN,120,NUBECITA VIAJERA,,Av. ITALIA,6935,,,,,,2601 38 35,,0,0,0,0,0,0,0,,,,,,,,,,
MONTEVIDEO - JARDIN_121,MONTEVIDEO,NINGUNA,JARDIN,121,OUR KIDS,,J. CANNINGS,2569,LIEJA,7068 - 6858 (*),PEDRO FCO. BERRO,1071,,2480 01 84 / 2480 03 34 (*),DIRECCIÓN 3: 2708 03 51,0,0,0,0,0,0,0,,,,,,,,,,
MONTEVIDEO - JARDIN_124,MONTEVIDEO,NINGUNA,JARDIN,124,CENTRO DE EDUCACION DEL INICIAL C.E.T.P.,,MINAS ,921,,,,,,2411 04 83,,0,0,0,0,0,0,0,,,,,,,,,,
MONTEVIDEO - JARDIN_126,MONTEVIDEO,NINGUNA,JARDIN,126,MY LITTLE WORLD,,MARTIN FIERRO,2579,,,,,,2487 73 11,,0,0,0,0,0,0,0,,,,,,,,,,
MONTEVIDEO - ESPECIAL_001,MONTEVIDEO,NINGUNA,ESPECIAL,1,INST. NACIONAL DE CIEGOS Gral. ARTIGAS,,CNO. MALDONADO,5745,,,,,,2514 06 89,,0,0,0,0,0,0,0,,,,,,,,,,
MONTEVIDEO - ESPECIAL_003,MONTEVIDEO,NINGUNA,ESPECIAL,3,FRANKLIN DELANO ROOSVELT,,Av. MILLAN,4205,,,,,,2309 76 00 / 2306 07 20,2308 51 25,0,0,0,0,0,0,0,,,,,,,,,,
MONTEVIDEO - ESPECIAL_004,MONTEVIDEO,NINGUNA,ESPECIAL,4,ESCUELA HORIZONTE,,Av. AGRACIADA,3591,,,,,,2305 45 95,,0,0,0,0,0,0,0,,,,,,,,,,
MONTEVIDEO - ESPECIAL_005,MONTEVIDEO,NINGUNA,ESPECIAL,5,CEN. EDUCATIVO DE RETARDO MENTAL DEL URU. (C.E.R.M.U.),,Av. MILLAN,2849,,,,,,2209 34 21,,0,0,0,0,0,0,0,,,,,,,,,,
MONTEVIDEO - ESPECIAL_006,MONTEVIDEO,NINGUNA,ESPECIAL,6,CENTRO PEDAGOGICO TERAPEUTICO (C.P.T.),,LUIS A. DE HERRERA,2482/84,,,,,,2487 99 54,,0,0,0,0,0,0,0,,,,,,,,,,
MONTEVIDEO - ESPECIAL_007,MONTEVIDEO,NINGUNA,ESPECIAL,7,INST. PARA DIS. INTELEC. MOTRICES Y EMOCIONALES (I.D.I.M.E.),,MAR DEL PLATA,6924,,,,,,2605 66 32,,0,0,0,0,0,0,0,,,,,,,,,,
MONTEVIDEO - ESPECIAL_008,MONTEVIDEO,NINGUNA,ESPECIAL,8,CENTRO DE EDUCACION INDIVIDUALIZADA (C.E.I.),,Av. AGRACIADA,3272,,,,,,2305 73 96,,0,0,0,0,0,0,0,,,,,,,,,,
MONTEVIDEO - ESPECIAL_011,MONTEVIDEO,NINGUNA,ESPECIAL,11,ESCUELA Y TALLER APRENDIENDO A CRECER (E.Y.TA.C.),,E. LOPEZ ,4759,,,,,,2618 31 30,,0,0,0,0,0,0,0,,,,,,,,,,
MONTEVIDEO - ESPECIAL_012,MONTEVIDEO,NINGUNA,ESPECIAL,12,CEN. ESPECIALIZADO DIURNO DE ATENC. AL MENOR (C.E.D.A.M.),,GARIBALDI,1929,,,,,,2203 41 47,,0,0,0,0,0,0,0,,,,,,,,,,
MONTEVIDEO - ESPECIAL_015,MONTEVIDEO,NINGUNA,ESPECIAL,15,TALLER TIMBÓ,,CHARRUA,2226,,,,,,2401 16 57,,0,0,0,0,0,0,0,,,,,,,,,,
MONTEVIDEO - ESPECIAL_016,MONTEVIDEO,NINGUNA,ESPECIAL,16,CEN. INTEGRAL DE ATENC. A PERSONAS VULNERABLES (C.I.A.PE.V.),,SAINT BOIS,4892,,,,,,2511 48 92,,0,0,0,0,0,0,0,,,,,,,,,,
MONTEVIDEO - ESPECIAL_017,MONTEVIDEO,NINGUNA,ESPECIAL,17,CENTRO DE INTEGRACION DE DISCAPACITADOS (C.IN.DIS.),,DURAZNO,1369,,,,,,2902 93 01,,0,0,0,0,0,0,0,,,,,,,,,,
MONTEVIDEO - ESPECIAL_022,MONTEVIDEO,NINGUNA,ESPECIAL,22,CENTRO DE REEDUCACION ESPECIAL (C.R.E.),,ARAZATÍ,1188,,,,,,2709 29 48,,0,0,0,0,0,0,0,,,,,,,,,,
MONTEVIDEO - ESPECIAL_023,MONTEVIDEO,NINGUNA,ESPECIAL,23,ESCUELA CLINICA DEL CERRO,,JUAN B. VIACABA,1881,AV. LEZICA,5816 (*),,,,2313 93 61,DIRECCIÓN 2 es ANEXO COLÓN,0,0,0,0,0,0,0,,,,,,,,,,
MONTEVIDEO - ESPECIAL_024,MONTEVIDEO,NINGUNA,ESPECIAL,24,CENTRO DE ASISTENCIA PSICOPEDAGOGICA (C.A.P.),,BV. ESPAÑA,2515,,,,,,2707 02 19,,0,0,0,0,0,0,0,,,,,,,,,,
MONTEVIDEO - ESPECIAL_026,MONTEVIDEO,NINGUNA,ESPECIAL,26,CENTRO DE ATENCION AL DESARROLLO INTEGRAL (C.A.D.I.),,AV. LIBERTADOR J. A. LAVALLEJA,1971/504,,,,,,2924 91 14,,0,0,0,0,0,0,0,,,,,,,,,,
MONTEVIDEO - ESPECIAL_029,MONTEVIDEO,NINGUNA,ESPECIAL,29,NUESTRO CAMINO APADIM,,ALEJANDRO GALLINAL,1736,,,,,,2619 93 50,,0,0,0,0,0,0,0,,,,,,,,,,
MONTEVIDEO - ESPECIAL_030,MONTEVIDEO,NINGUNA,ESPECIAL,30,CENTRO DE CAPACITACION SIGLO XXI,,FELIPE CONTUCCI,4227,,,,,,2209 80 74,,0,0,0,0,0,0,0,,,,,,,,,,
MONTEVIDEO - ESPECIAL_031,MONTEVIDEO,NINGUNA,ESPECIAL,31,CENTRO MANOS UNIDAS (CE.MA.U.),,DUVINIOSO TERRA,2292,,,,,,2203 35 06,,0,0,0,0,0,0,0,,,,,,,,,,
MONTEVIDEO - ESPECIAL_032,MONTEVIDEO,NINGUNA,ESPECIAL,32,CENTRO EDUCATIVO DE ATENCION INTEGRAL (C.E.D.A.I.),,CASTRO,507,,,,,,2307 12 49,,0,0,0,0,0,0,0,,,,,,,,,,
MONTEVIDEO - ESPECIAL_034,MONTEVIDEO,NINGUNA,ESPECIAL,34,LAURENCE LARSEN,,LUIS A. DE HERRERA,3074,,,,,,2486 26 32,,0,0,0,0,0,0,0,,,,,,,,,,
MONTEVIDEO - ESPECIAL_036,MONTEVIDEO,NINGUNA,ESPECIAL,36,COOP. DE TRABAJADORES HABILES E INHABILES (CO.T.HA.IN.),,JUAN PAULLIER,1627,,,,,,2409 11 10,,0,0,0,0,0,0,0,,,,,,,,,,
MONTEVIDEO - ESPECIAL_037,MONTEVIDEO,NINGUNA,ESPECIAL,37,CEN ED PARA EL NIÑO C/DEFICIT AUDITIVO (CEENDA),,ARAUCHO,1390,,,,,,2707 30 51,,0,0,0,0,0,0,0,,,,,,,,,,
MONTEVIDEO - ESPECIAL_040,MONTEVIDEO,NINGUNA,ESPECIAL,40,CENTRO DE REEDUCACION INTEGRAL EL NARANJO,,Av. AGRACIADA,3297,,,,,,2305 42 14,,0,0,0,0,0,0,0,,,,,,,,,,
MONTEVIDEO - ESPECIAL_041,MONTEVIDEO,NINGUNA,ESPECIAL,41,ASOC. PARA DISCAPACITADOS INTELECTUALES AMANECERES,,Av. MILLAN,2822,,,,,,2204 45 46,,0,0,0,0,0,0,0,,,,,,,,,,
MONTEVIDEO - ESPECIAL_044,MONTEVIDEO,NINGUNA,ESPECIAL,44,CENTRO INTERDISCIPLINARIO CICLO,,CORRALES ,3735 bis,CORRALES ,3886,,,,2215 90 73,DIRECCIÓN 2 es el ANEXO,0,0,0,0,0,0,0,,,,,,,,,,
MONTEVIDEO - ESPECIAL_046,MONTEVIDEO,NINGUNA,ESPECIAL,46,ATELIER ARTISTICO INTEGRAL (T.A.I.T.A.),,CATALA,2250,,,,,,2486 35 77,,0,0,0,0,0,0,0,,,,,,,,,,
MONTEVIDEO - ESPECIAL_048,MONTEVIDEO,NINGUNA,ESPECIAL,48,ACCION COORD. Y REIVINDICA. DEL IMPEDIDO DEL URU. (A.C.R.I.D.U.),,JUAN GOLFARINI,4045,MALDONADO,1142 (*),,,,2628 07 77 / 2901 59 87(*),,0,0,0,0,0,0,0,,,,,,,,,,
MONTEVIDEO - ESPECIAL_049,MONTEVIDEO,NINGUNA,ESPECIAL,49,FUNDACION YBYRAY,,Gral.THIEBAUT,1816,,,,,,2481 17 69,,0,0,0,0,0,0,0,,,,,,,,,,
MONTEVIDEO - ESPECIAL_050,MONTEVIDEO,NINGUNA,ESPECIAL,50,CEN. DE INVEST. Y DESARROLLO PARA LA PERSONA SORDA (CINDE),,GIL,945,,,,,,2308 32 12 / 2309 92 28,,0,0,0,0,0,0,0,,,,,,,,,,
MONTEVIDEO - ESPECIAL_052,MONTEVIDEO,NINGUNA,ESPECIAL,52,CENTRO INTEGRA - C.A.D.A.,,LA PAZ,2327,,,,,,2400 28 38,,0,0,0,0,0,0,0,,,,,,,,,,
MONTEVIDEO - ESPECIAL_053,MONTEVIDEO,NINGUNA,ESPECIAL,53,FUNDACION BRAILLE DEL URUGUAY (F.B.U.),,GERMAN BARBATO,1466,,,,,,2900 14 48,,0,0,0,0,0,0,0,,,,,,,,,,
MONTEVIDEO - ESPECIAL_054,MONTEVIDEO,NINGUNA,ESPECIAL,54,C.E.I.D.A.,,AV. LUIS A. DE HERRERA,2655,,,,,,2480 95 76,,0,0,0,0,0,0,0,,,,,,,,,,
MONTEVIDEO - ESPECIAL_055,MONTEVIDEO,NINGUNA,ESPECIAL,55,CENTRO DE ATENCIÓN TÉCNICO ESPECIALIZADA (C.A.T.E.),,AV. MILLÁN,3836,,,,,,2336 58 34,,0,0,0,0,0,0,0,,,,,,,,,,
MONTEVIDEO - ESPECIAL_057,MONTEVIDEO,NINGUNA,ESPECIAL,57,ESPACIO RED,,CAMINO MALDONADO,5143,CHILE ,4231 / 4233,,,,2514 06 64,,0,0,0,0,0,0,0,,,,,,,,,,
ARTIGAS - HABILITADO_001,ARTIGAS,NINGUNA,HABILITADO,1,JUAN PABLO II,D,JOSE PEDRO VARELA,314,,,,,ARTIGAS,4772 24 16,,0,0,0,0,0,0,0,,,,,,,,,,
ARTIGAS - HABILITADO_003,ARTIGAS,NINGUNA,HABILITADO,3,BLOOMFIELD SCHOOL,,GARZÓN,212,,,,,ARTIGAS,4772 40 00,,0,0,0,0,0,0,0,,,,,,,,,,
ARTIGAS - HABILITADO_004,ARTIGAS,NINGUNA,HABILITADO,4,INSTITUTO URUGUAYO BRASILERO,,AVDA. CORONEL CARLOS LECUEDER,869,,,,,,,,,,,,,,,,,,,,,,,,
ARTIGAS - HABILITADO_005,ARTIGAS,NINGUNA,HABILITADO,5,TACUABÉ,,AVDA. GARZÓN,675- 679,,,,,,,,,,,,,,,,,,,,,,,,
ARTIGAS - ESPECIAL_001,ARTIGAS,NINGUNA,ESPECIAL,1,ADDA. CARITAS DE ESPERANZA,,,,,,,,ARTIGAS,4773 28 15,,0,0,0,0,0,0,0,,,,,,,,,,
ARTIGAS - ESPECIAL_002,ARTIGAS,NINGUNA,ESPECIAL,2,T.A.P.A.C.,,,,,,,,ARTIGAS,4773 32 70,,0,0,0,0,0,0,0,,,,,,,,,,
CANELONES - HABILITADO_001,CANELONES,OESTE,HABILITADO,1,ADVENTISTA (J. SUAREZ),T,RUTA 5 Km 33.500,S/N,,,,,PROGRESO,2369 21 10,,0,0,0,0,0,0,0,,,,,,,,,,
CANELONES - HABILITADO_002,CANELONES,OESTE,HABILITADO,2,INMACULADA CONCEPCION,D,RIVERA,538,,,,,SANTA LUCIA,4334 62 64,,0,0,0,0,0,0,0,,,,,,,,,,
CANELONES - HABILITADO_004,CANELONES,PANDO,HABILITADO,4,Ntra. Sra. DEL HUERTO,T,Av. ARTIGAS,902,,,,,PANDO,2292 21 65,,0,0,0,0,0,0,0,,,,,,,,,,
CANELONES - HABILITADO_006,CANELONES,OESTE,HABILITADO,6,SAN JOSE,D,LAVALLEJA,664,,,,,LAS PIEDRAS,2364 43 48,,0,0,0,0,0,0,0,,,,,,,,,,
CANELONES - HABILITADO_007,CANELONES,OESTE,HABILITADO,7,SAN ISIDRO,D,Gral. FLORES,654,,,,,LAS PIEDRAS,2364 42 23,,0,0,0,0,0,0,0,,,,,,,,,,
CANELONES - HABILITADO_008,CANELONES,OESTE,HABILITADO,8,MARIA AUXILIADORA,D,TREINTA Y TRES,654,,,,,CANELONES,433-22261,,0,0,0,0,0,0,0,,,,,,,,,,
CANELONES - HABILITADO_009,CANELONES,OESTE,HABILITADO,9,SANTA ISABEL,D,RUTA 36 y Gral. OTORGUES,S/N,,,,,LOS CERRILLOS,62080,,0,0,0,0,0,0,0,,,,,,,,,,
CANELONES - HABILITADO_010,CANELONES,PANDO,HABILITADO,10,SAN JOSE,T,LUIS A. DE HERRERA,S/N,,,,,SAN JACINTO,439-92704,entre VERA y CANELONES,0,0,0,0,0,0,0,,,,,,,,,,
CANELONES - HABILITADO_012,CANELONES,PANDO,HABILITADO,12,SAN JOSE,D,LUIS A. DE HERRERA ,S/N,,,,,MIGUES,431-72073,entre MIGUES y DA SILVA,0,0,0,0,0,0,0,,,,,,,,,,
CANELONES - HABILITADO_014,CANELONES,COSTA,HABILITADO,14,Ntra. Sra. DEL ROSARIO,D,RUTA 11 Km 165,-,,,,,ESTACION ATLANTIDA,4372 07 96 / 4372 29 23,,0,0,0,0,0,0,0,,,,,,,,,,
CANELONES - HABILITADO_016,CANELONES,OESTE,HABILITADO,16,SAN ADOLFO,T,MILLAN y JOSE NOVOA,S/N,,,,,EL DORADO,2364 01 51,,0,0,0,0,0,0,0,,,,,,,,,,
CANELONES - HABILITADO_018,CANELONES,OESTE,HABILITADO,18,EDUARDO FABINI,D,MANUEL MELENDEZ,876,,,,,LAS PIEDRAS,2364 59 72,,0,0,0,0,0,0,0,,,,,,,,,,
CANELONES - HABILITADO_019,CANELONES,COSTA,HABILITADO,19,Sdo. CORAZON Y SAN FRANCISCO,D,Av. GARCIA LAGOS Km. 14.500 y Cno. CARRASCO,10,,,,,PASO CARRASCO,2601 12 99,,0,0,0,0,0,0,0,,,,,,,,,,
CANELONES - HABILITADO_020,CANELONES,PANDO,HABILITADO,20,SAN LUIS,D,TREINTA Y TRES y FERREIRA ALDUNATE,S/N,,,,,PANDO,2292 21 73,,0,0,0,0,0,0,0,,,,,,,,,,
CANELONES - HABILITADO_021,CANELONES,PANDO,HABILITADO,21,CRISTO REY,D,Cno. DE LAS TROPAS y RUTA 85,S/N,,,,,TOLEDO,2296 86 84,,0,0,0,0,0,0,0,,,,,,,,,,
CANELONES - HABILITADO_022,CANELONES,PANDO,HABILITADO,22,DIVINO SALVADOR,D,CONRADO VILLEGAS,S/N,,,,,TALA,431-52051,,0,0,0,0,0,0,0,,,,,,,,,,
CANELONES - HABILITADO_023,CANELONES,COSTA,HABILITADO,23,VIRGEN DE LAS FLORES,D,Av. DEL SANTUARIO,S/N,,,,,LA FLORESTA,437-39125,,0,0,0,0,0,0,0,,,,,,,,,,
CANELONES - HABILITADO_024,CANELONES,PANDO,HABILITADO,24,Ntra. Sra. DEL PERPETUO SOCORRRO,T,Av. ARTIGAS,1368,,,,,SAUCE,2294 02 42,,0,0,0,0,0,0,0,,,,,,,,,,
CANELONES - HABILITADO_029,CANELONES,OESTE,HABILITADO,29,JOSE MARIA PARODI,T,LIBERTADOR SAN MARTIN,107,,,,,LAS PIEDRAS,2364 00 87,,0,0,0,0,0,0,0,,,,,,,,,,
CANELONES - HABILITADO_030,CANELONES,PANDO,HABILITADO,30,SAN FRANCISCO DE ASIS,D,SOLIS y ROMULO CARLO,S/N,,,,,SUAREZ,2297 29 49,,0,0,0,0,0,0,0,,,,,,,,,,
CANELONES - HABILITADO_031,CANELONES,OESTE,HABILITADO,31,"ESCUELA DE ED. NATURAL ""GLOBO ROJO""",D,LUIS ALBERTO DE HERRERA,703,,,,,LAS PIEDRAS,2365 18 30,,0,0,0,0,0,0,0,,,,,,,,,,
CANELONES - HABILITADO_032,CANELONES,COSTA,HABILITADO,32,SANTA ELENA,T,COSTANERA Km. 21.500 y RIO DE JANERIO,-,,,,,LAGOMAR,2682 30 07,,0,0,0,0,0,0,0,,,,,,,,,,
CANELONES - HABILITADO_033,CANELONES,OESTE,HABILITADO,33,NEW CASTEL SCHOOL,D,ARTIGAS,462,,,,,LAS PIEDRAS,2364 26 50,,0,0,0,0,0,0,0,,,,,,,,,,
CANELONES - HABILITADO_035,CANELONES,COSTA,HABILITADO,35,COLEGIO INTEGRAL SOLYMAR (C.I.S.),T,CALLE 36 (M.D1 S.11 y12) entre URUGUAY y 78,-,,,,,SOLYMAR,2696 26 13,,0,0,0,0,0,0,0,,,,,,,,,,
CANELONES - HABILITADO_037,CANELONES,PANDO,HABILITADO,37,CRECEMOS ESCUELA INTEGRAL,C,18 DE JULIO,933,,,,,PANDO,2292 74 04,,0,0,0,0,0,0,0,,,,,,,,,,
CANELONES - HABILITADO_041,CANELONES,COSTA,HABILITADO,41,WILLOW SCHOOL,C,YAGUARETE (M.36 S.6),-,,,,,SALINAS,437- 69690,,0,0,0,0,0,0,0,,,,,,,,,,
CANELONES - HABILITADO_043,CANELONES,OESTE,HABILITADO,43,"COLEGIO CONSTRUCTIVISTA ""JEAN PIAGET""",D,18 DE JULIO ,522,,,,,LAS PIEDRAS,2364 84 11,,0,0,0,0,0,0,0,,,,,,,,,,
CANELONES - HABILITADO_044,CANELONES,OESTE,HABILITADO,44,SANTA MARGARITA,T,SINEIRO y Gral. ARTIGAS,-,,,,,SAN RAMÓN,4312- 2855,,0,0,0,0,0,0,0,,,,,,,,,,
CANELONES - HABILITADO_045,CANELONES,COSTA,HABILITADO,45,LA AMISTAD,T,BRASIL (M.92 S.26),-,,,,,SOLYMAR,2695 88 60,,0,0,0,0,0,0,0,,,,,,,,,,
CANELONES - HABILITADO_046,CANELONES,OESTE,HABILITADO,46,CEN. EDUCATIVO INTEGRAL (CEI),D,LIBERTAD,381,,,,,LA PAZ,2362 50 54,,0,0,0,0,0,0,0,,,,,,,,,,
CANELONES - HABILITADO_047,CANELONES,PANDO,HABILITADO,47,INTEGRAL DE BARROS BLANCOS (C.I.B.B.),D,RUTA 8 Km 25.600 LORENZO VENTURA y PAYSANDÚ,S/N,,,,,BARROS BLANCOS,22885256,,0,0,0,0,0,0,0,,,,,,,,,,
CANELONES - HABILITADO_050,CANELONES,COSTA,HABILITADO,50,LAGOMAR,D,RIO DANUBIO y RIO DE JANEIRO,-,,,,,LAGOMAR,2682 27 36,,0,0,0,0,0,0,0,,,,,,,,,,
CANELONES - HABILITADO_051,CANELONES,COSTA,HABILITADO,51,INST. BASICO INT. DEL SUR (I.B.I.S.),D,RIO DE JANEIRO (M.124 S .4),-,,,,,LAGOMAR SUR,2682 32 13,,0,0,0,0,0,0,0,,,,,,,,,,
CANELONES - HABILITADO_053,CANELONES,OESTE,HABILITADO,53,CAMINOS ABIERTOS- SILVIA PAUER,D,PARAGUAY,739,,,,,LAS PIEDRAS,2363 75 76,,0,0,0,0,0,0,0,,,,,,,,,,
CANELONES - HABILITADO_054,CANELONES,COSTA,HABILITADO,54,INST. URUGUA,D,RAMBLA COSTANERA y OCEANO PACIFICO,S/N,,,,,EL PINAR,2698 73 65,,0,0,0,0,0,0,0,,,,,,,,,,
CANELONES - HABILITADO_056,CANELONES,COSTA,HABILITADO,56,GOLDEN COAST COLLEGE,D,CALLE 7 y NOGUEIRA,S/N,,,,,SALINAS,437-62793,,0,0,0,0,0,0,0,,,,,,,,,,
CANELONES - HABILITADO_057,CANELONES,COSTA,HABILITADO,57,MY TOYS,D,RAMBLA COSTANERA y DEL PLATA,S/N,,,,,SHANGRILA,2682 33 22,,0,0,0,0,0,0,0,,,,,,,,,,
CANELONES - HABILITADO_058,CANELONES,COSTA,HABILITADO,58,SIGLO XXI - LA CASITA DE LAURA,D,NACIONES UNIDAS y Av. PEREZ BUTLER (M.213B S.9),S/N,,,,,EL PINAR,2698 62 28,,0,0,0,0,0,0,0,,,,,,,,,,
CANELONES - HABILITADO_060,CANELONES,COSTA,HABILITADO,60,FRANCISCO ESPINOLA,D,ALFREDO GARCÍA LARGOS,56,,,,,PASO CARRASCO,2604 69 88,,0,0,0,0,0,0,0,,,,,,,,,,
CANELONES - HABILITADO_061,CANELONES,OESTE,HABILITADO,61,ANDARES,D,ROCHA entre FLORES Y FLORIDA,S/N,,,,,PROGRESO,,,0,0,0,0,0,0,0,,,,,,,,,,
CANELONES - HABILITADO_062,CANELONES,COSTA,HABILITADO,62,ALEMAN,D,Av. GIANNATTASIO Km.16,9325,,,,,BARRA DE CARRASCO,2601 21 33,,0,0,0,0,0,0,0,,,,,,,,,,
CANELONES - HABILITADO_063,CANELONES,COSTA,HABILITADO,63,CEN. EDUCATIVO Y FORMATIVO BARRADAS,D,Av. MARIO FERREIRA ,S/N,,,,,LAS TOSCAS,437-28473,,0,0,0,0,0,0,0,,,,,,,,,,
CANELONES - HABILITADO_065,CANELONES,COSTA,HABILITADO,65,DOLPHIN´S SCHOOL´S,D,ATLANTIDA y Av. AL PARQUE ROOSEVELT,1912,,,,,BARRA DE CARRASCO,2601 20 99,,0,0,0,0,0,0,0,,,,,,,,,,
CANELONES - HABILITADO_066,CANELONES,COSTA,HABILITADO,66,CEN. EDUCATIVO ARETEIA,D,APOLO XIII entre GESTIDO y RAMBLA,1044,,,,,SOLYMAR,2695 81 13,,0,0,0,0,0,0,0,,,,,,,,,,
CANELONES - HABILITADO_067,CANELONES,PANDO,HABILITADO,67,CEN. EDUCATIVO ADVENTISTA,D,RUTA 8 Km. 24.200 PITANGAS y ELECTRON,-,,,,,BARROS BLANCOS,2288 02 25,,0,0,0,0,0,0,0,,,,,,,,,,
CANELONES - HABILITADO_068,CANELONES,PANDO,HABILITADO,68,CEN. DE EDUCACION INTEGRAL ANDALUZ,D,RUTA 84 Km. 1.200 CAMINO DEL ANDALUZ,-,,,,,CASARINO,2296 45 84,,0,0,0,0,0,0,0,,,,,,,,,,
CANELONES - HABILITADO_069,CANELONES,COSTA,HABILITADO,69,KIDS PLACE,,AVDA DUTLER (M147 S11),,,,,,EL PINAR,2698 33 89  INT 170,,0,0,0,0,0,0,0,,,,,,,,,,
CANELONES - HABILITADO_072,CANELONES,COSTA,HABILITADO,72,PINARES,D,Ruta Interbalnearia y Calle 18,-,,,,,ATLÁNTIDA,4372 64 95,,0,0,0,0,0,0,0,,,,,,,,,,
CANELONES - HABILITADO_074,CANELONES,COSTA,HABILITADO,74,SALECIANO DE LA COSTA MONSEÑOR J. VERA,D,TUYUTI Y GAVIOTAS,,,,,,LOMAS DE SOLYMAR,2696 11 03,,0,0,0,0,0,0,0,,,,,,,,,,
CANELONES - HABILITADO_075,CANELONES,COSTA,HABILITADO,75,KALIMAITA,D,NIZA ESQ. TROUVILLE,,,,,,NEPTUNIA,4376 84 30,,0,0,0,0,0,0,0,,,,,,,,,,
CANELONES - HABILITADO_076,CANELONES,COSTA,HABILITADO,76,GREENLAND SCHOOL,D,BUCHENTAL Y ZORRILLA DE SAN MARTIN,,,,,,SAN JOSE DE CARRASCO,2683 55 14,,0,0,0,0,0,0,0,,,,,,,,,,
CANELONES - HABILITADO_077,CANELONES,COSTA,HABILITADO,77,DEL LAGO,,LAS CANDAS S.5 M.33,,,,,,LAGOMAR,2683 14 24,,0,0,0,0,0,0,0,,,,,,,,,,
CANELONES - HABILITADO_078,CANELONES,OESTE,HABILITADO,78,CRECER – TOM Y JERRY,,LAS ACACIAS M65 S1,,,,,,PROGRESO,2369 00 25,,0,0,0,0,0,0,0,,,,,,,,,,
CANELONES - HABILITADO_079,CANELONES,COSTA,HABILITADO,79,MASTER SCHOOL,,GARCIA AROCENA M50 S30,,,,,,LAGOMAR NORTE,2682 40 78,,0,0,0,0,0,0,0,,,,,,,,,,
CANELONES - HABILITADO_080,CANELONES,COSTA,HABILITADO,80,PABLO NERUDA,,"RUTA INTERBALNEARIA K 45,800",,,,,,ATLÁNTIDA,4372 1771,,0,0,0,0,0,0,0,,,,,,,,,,
CANELONES - HABILITADO_081,CANELONES,COSTA,HABILITADO,81,IT- HUE,,"AV. GIANNATTASIO KM 29,800",,,,,,PARQUE DE SOLYMAR ,26959118,,0,0,0,0,0,0,0,,,,,,,,,,
CANELONES - HABILITADO_082,CANELONES,COSTA,HABILITADO,82,HABÍA UNA VEZ,,RUTA 8 Km 25,,,,,,BARROS BLANCOS,2288 8991,,0,0,0,0,0,0,0,,,,,,,,,,
CANELONES - HABILITADO_083,CANELONES,COSTA,HABILITADO,83,BELÉN,,RUTA 101 KM 25.700,,,,,,BARROS BLANCOS,95698586,,0,0,0,0,0,0,0,,,,,,,,,,
CANELONES - HABILITADO_084,CANELONES,COSTA,HABILITADO,84,JUAN SALVADOR GAVIOTA,D,AV. DEL PARQUE M. 8 S. 2 Y PARAGUAY,,,,,,SHANGRILA,26822587,,0,0,0,0,0,0,0,,,,,,,,,,
CANELONES - HABILITADO_085,CANELONES,COSTA,HABILITADO,85,COLEGIO DEL ESTE,D,"MANUEL VARELA CACERES M. 1,2,3 S. 21",,,,,,LAGOMAR,2682 7812,,0,0,0,0,0,0,0,,,,,,,,,,
CANELONES - HABILITADO_086,CANELONES,COSTA,HABILITADO,86,INTEGRAL SENDAS,M,SIMÓN BOLIVAR M J S 7 ,,,,,,EMPALME NICOLICH,095 035 947,,0,0,0,0,0,0,0,,,,,,,,,,
CANELONES - HABILITADO_087,CANELONES,OESTE,HABILITADO,87,LAS PIEDRAS,D,FRANCISCO SOCA,706,,,,,LAS PIEDRAS,2364 35 52,,0,0,0,0,0,0,0,,,,,,,,,,
CANELONES - CH_088 ,CANELONES,PANDO,HABILITADO,88,JESÚS BENDICE A LOS NIÑOS,,RUTA 74 KM 21,,,,,,SUAREZ,2297 1161,,,,,,,,,,,,,,,,,,
CANELONES - CH_088 ,CANELONES,COSTA,HABILITADO,89,CUARAHI,,"SEVILLA M 52, S 02",,,,,,SAN JOSE DE CARRASCO,,,,,,,,,,,,,,,,,,,
,CANELONES,COSTA,HABILITADO,90,CIRCULO MAGICO,,AVDA. PEREZ BUTLER MZ 181 S14,,,,,,EL PINAR,2698 9146,,,,,,,,,,,,,,,,,,
,CANELONES,COSTA,HABILITADO,91,HOWARD GARDNER,,RUTA INTERBALNEARIA ESQ. RUTA 11,,,,,,ATLANTIDA,092 664 859,,,,,,,,,,,,,,,,,,
CANELONES - AUTORIZADO_001,CANELONES,OESTE,AUTORIZADO,1,CRISTO VIENE,D,RUTA 5 Km 24.500,,,,,,LAS PIEDRAS,2364 65 87,,0,0,0,0,0,0,0,,,,,,,,,,
CANELONES - AUTORIZADO_006,CANELONES,OESTE,AUTORIZADO,6,PARROQUIAL SANTA ROSA,T,LLAMBIAS DE OLIVAR y 18 DE JULIO,,,,,,SANTA ROSA,4313 38 63,,0,0,0,0,0,0,0,,,,,,,,,,
CANELONES - AUTORIZADO_011,CANELONES,OESTE,AUTORIZADO,11,HORACIO QUIROGA,D,LIBERTAD,381 bis,,,,,LA PAZ,2362 27 24,,0,0,0,0,0,0,0,,,,,,,,,,
CANELONES - AUTORIZADO_015,CANELONES,COSTA,AUTORIZADO,15,CLIFTON COLLEGE,D,Av. COSTANERA (M.186 S.19),S/N,,,,,EL PINAR,2698 86 01,,0,0,0,0,0,0,0,,,,,,,,,,
CANELONES - JARDIN_004,CANELONES,OESTE,JARDIN,4,EL GLOBO ROJO,,JOSE BATLLE Y ORDOÑEZ,702,,,,,,2364.69.31,,0,0,0,0,0,0,0,,,,,,,,,,
CANELONES - JARDIN_005,CANELONES,OESTE,JARDIN,5,EL CASTILLITO,,AV. ARTIGAS ,462,,,,,LAS PIEDRAS,23654 69 31,,0,0,0,0,0,0,0,,,,,,,,,,
CANELONES - JARDIN_006,CANELONES,OESTE,JARDIN,6,BARBAPAPA,,18 DE JULIO,522,,,,,LAS PIEDRAS,2364.84.11,,0,0,0,0,0,0,0,,,,,,,,,,
CANELONES - JARDIN_008,CANELONES,PANDO,JARDIN,8,INSTITUTO PREESCOLAR ENTREAMIGOS,,INDEPENDENCIA,840,,,,,PANDO,2292 31 82,(entrada por Piedras 1010),0,0,0,0,0,0,0,,,,,,,,,,
CANELONES - JARDIN_011,CANELONES,OESTE,JARDIN,11,LA TORTUGA CLEMENTINA,,ROCHA y FLORIDA,-,,,,,PROGRESO,2368.91.65,,0,0,0,0,0,0,0,,,,,,,,,,
CANELONES - ESPECIAL_002,CANELONES,PANDO,ESPECIAL,2,CEN. PSICOPEDAGOGICO DE PANDO,,WILSON FERREIRA ALDUNATE,854,,,,,PANDO,2292 37 88,,0,0,0,0,0,0,0,,,,,,,,,,
CANELONES - ESPECIAL_004,CANELONES,PANDO,ESPECIAL,4,INSTITUTO NA.CRE.VI.,,PIOVENE,955,,,,,PANDO,2292 80 88,,0,0,0,0,0,0,0,,,,,,,,,,
CANELONES - ESPECIAL_005,CANELONES,COSTA,ESPECIAL,5,CENTRO DE RE-EDUCACIÓN INTEGRAL (CIDYT),,M 48 S 29,,CIRCUNVALACIÓN ENTRE 6 Y 8,,,,NEPTUNIA,4376 15 45,,0,0,0,0,0,0,0,,,,,,,,,,
CANELONES - ESPECIAL_006,CANELONES,COSTA,ESPECIAL,6,CE. ED. PIRIGUAZÚ,,CIRCUVALENCIÓN 6 Y 8,,,,,,ATLANTIDA,4372 45 17,,0,0,0,0,0,0,0,,,,,,,,,,
CANELONES - ESPECIAL_007,CANELONES,COSTA,ESPECIAL,7,ESCUELA DE LENGUAJE,,LA PALOMA,1108bis,,,,,BARRA DE CARRASCO,2604 63 14,,0,0,0,0,0,0,0,,,,,,,,,,
CANELONES - ESPECIAL_008,CANELONES,OESTE,ESPECIAL,8,C.A.P.D.I. CENTRO DE ATENCIÓN AL APRENDIZAJE EN LA DIVERSIDAD,,TORRE GARCÍA,703,,,,,LAS PIEDRAS,2364 4729,,0,0,0,0,0,0,0,,,,,,,,,,
CERRO LARGO - HABILITADO_001,CERRO LARGO,NINGUNA,HABILITADO,1,AGUSTIN DE LA ROSA,T,MIGUEL BARREIRO,1029,,,,,MELO,4642-6856,,0,0,0,0,0,0,0,,,,,,,,,,
CERRO LARGO - HABILITADO_002,CERRO LARGO,NINGUNA,HABILITADO,2,MARIA AUXILIADORA,D,LA ROSA,591,,,,,MELO,4642-2285,,0,0,0,0,0,0,0,,,,,,,,,,
CERRO LARGO - HABILITADO_003,CERRO LARGO,NINGUNA,HABILITADO,3,DAMASO ANTONIO LARRAÑAGA,T,EJIDO,621,,,,,MELO,4642-1162,,0,0,0,0,0,0,0,,,,,,,,,,
CERRO LARGO - HABILITADO_004,CERRO LARGO,NINGUNA,HABILITADO,4,SANTA ANGELA MERICI,D,JUAN PEDRO RAMIREZ,1242,,,,,RIO BRANCO,46753575,,0,0,0,0,0,0,0,,,,,,,,,,
CERRO LARGO - HABILITADO_005,CERRO LARGO,NINGUNA,HABILITADO,5,YVYNARA,D,RUTA 8 PADRON 16331,KM402,,,,,MELO,4643-0495,,0,0,0,0,0,0,0,,,,,,,,,,
CERRO LARGO - HABILITADO_006,CERRO LARGO,NINGUNA,HABILITADO,6,NTRA. SRA. DE LAS MERCEDES,T,EL FANAL,538,,,,,RIO BRANCO,4675-9575,,0,0,0,0,0,0,0,,,,,,,,,,
COLONIA - HABILITADO_001,COLONIA,NINGUNA,HABILITADO,1,SAN JUAN BAUTISTA,M,18 DE JULIO,240,,,,,COL. DEL SACRAMENTO,452-22953,,0,0,0,0,0,0,0,,,,,,,,,,
COLONIA - HABILITADO_002,COLONIA,NINGUNA,HABILITADO,2,SAN JOSE,D,18 DE JULIO,S/N,,,,,TARARIRAS,457-42037,,0,0,0,0,0,0,0,,,,,,,,,,
COLONIA - HABILITADO_003,COLONIA,NINGUNA,HABILITADO,3,MATER TER ADMIRABILIS,D,COLON y LUIS A. DE HERRERA,-,,,,,NUEVA HELVECIA,455-44073,,0,0,0,0,0,0,0,,,,,,,,,,
COLONIA - HABILITADO_004,COLONIA,NINGUNA,HABILITADO,4,MARIA AUXILIADORA,D,MERCEDES,215,,,,,JUAN LACAZE,458-62030,,0,0,0,0,0,0,0,,,,,,,,,,
COLONIA - HABILITADO_005,COLONIA,NINGUNA,HABILITADO,5,MISIONERAS DEL SAGRADO CORAZON,D,ITUZAINGO,S/N,,,,,ROSARIO,455-22280,,0,0,0,0,0,0,0,,,,,,,,,,
COLONIA - HABILITADO_008,COLONIA,NINGUNA,HABILITADO,8,ADVENTISTA AMIEL,T,Av. GILOMEN,1359,,,,,NUEVA HELVECIA,455-45833,,0,0,0,0,0,0,0,,,,,,,,,,
COLONIA - HABILITADO_009,COLONIA,NINGUNA,HABILITADO,9,C.E.N.I.,T,MARIA NIMMO y RUTA 21,683,,,,,COL. DEL SACRAMENTO,452-31198,,0,0,0,0,0,0,0,,,,,,,,,,
COLONIA - HABILITADO_011,COLONIA,NINGUNA,HABILITADO,11,SAN GABRIEL,D,DANIEL FOSALBA,523,,,,,COL. DE SACRAMENTO,452-31849,,0,0,0,0,0,0,0,,,,,,,,,,
COLONIA - HABILITADO_012,COLONIA,NINGUNA,HABILITADO,12,ESCUELA LOGOSÓFICA SABER,D,18 DE JULIO,1227,,,,,NUEVA HELVECIA,4554 5314,,0,0,0,0,0,0,0,,,,,,,,,,
COLONIA - HABILITADO_013,COLONIA,NINGUNA,HABILITADO,13,ESCUELA PITAGORAS,,"RUTA 50 KM 5,500  PARAJE ESTANZUELA",,,,,,,4520 34 05,,0,0,0,0,0,0,0,,,,,,,,,,
COLONIA - HABILITADO_014,COLONIA,NINGUNA,HABILITADO,14,COLEGIO BILINGÜE DEL CARMEN,,URUGUAY,319,,,,,CARMELO,4542 63 99,,0,0,0,0,0,0,0,,,,,,,,,,
COLONIA - HABILITADO_015,COLONIA,NINGUNA,HABILITADO,15,CENTRO DE CULTURA LOGOSOFICA,,JOSE ENRIQUE RODO,316,,,,,,,,,,,,,,,,,,,,,,,,
COLONIA - HABILITADO_016,COLONIA,NINGUNA,HABILITADO,16,SEMILLA MAGNETICA JR.,,FEDERICO FISCHER ,6520,,,,,,,,,,,,,,,,,,,,,,,,
COLONIA - JARDIN_003,COLONIA,NINGUNA,JARDIN,3,GENTE MENUDA,-,MARIA NIMMO,683,,,,,COL. DE SACRAMENTO,4522 3641,,0,0,0,0,0,0,0,,,,,,,,,,
COLONIA - ESPECIAL_002,COLONIA,NINGUNA,ESPECIAL,2,INSTITUTO TECNOLOGICO DE URUGUAY (I.T.U.),-,RIVADAVIA,531,,,,,COL. DE SACRAMENTO,452-31216,,0,0,0,0,0,0,0,,,,,,,,,,
DURAZNO - HABILITADO_002,DURAZNO,NINGUNA,HABILITADO,2,SAN LUIS,T,WILSON FERREIRA ALDUNATE,732,,,,,DURAZNO,436-22028,,0,0,0,0,0,0,0,,,,,,,,,,
DURAZNO - HABILITADO_004,DURAZNO,NINGUNA,HABILITADO,4,MADRE CARMEN,D,FRANCISCO FONTEROSA,S/N,,,,,VILLA DEL CARMEN,436-54006,,0,0,0,0,0,0,0,,,,,,,,,,
DURAZNO - HABILITADO_006,DURAZNO,NINGUNA,HABILITADO,6,CARLOS SCAFFO,D,BATLLE Y ORDOÑEZ,691,,,,,DURAZNO,4362 67 56,,0,0,0,0,0,0,0,,,,,,,,,,
FLORES - HABILITADO_001,FLORES,NINGUNA,HABILITADO,1,SAN JOSE,D,ALFREDO PUIG,391,,,,,TRINIDAD,4364 2464,,0,0,0,0,0,0,0,,,,,,,,,,
FLORES - HABILITADO_003,FLORES,NINGUNA,HABILITADO,3,BILINGÜE AMERICAN SCHOOL,D,ARTIGAS ,572,,,,,TRINIDAD,4364 5796,,0,0,0,0,0,0,0,,,,,,,,,,
FLORES - HABILITADO_004,FLORES,NINGUNA,HABILITADO,4,GARDNER,D,FRANCISCO FONDAR,459,,,,,TRINIDAD,099 297 499,,0,0,0,0,0,0,0,,,,,,,,,,
FLORIDA - HABILITADO_001,FLORIDA,NINGUNA,HABILITADO,1,Ntra. Sra. DEL HUERTO,T,Gral. FLORES,3458,,,,,FLORIDA,4352 2004 - 4352 6771,,0,0,0,0,0,0,0,,,,,,,,,,
FLORIDA - HABILITADO_005,FLORIDA,NINGUNA,HABILITADO,5,SAN JOSE,T,REPUBLICA DE PARAGUAY,S/N,,,,,CASUPA,4311-2281,,0,0,0,0,0,0,0,,,,,,,,,,
FLORIDA - HABILITADO_006,FLORIDA,NINGUNA,HABILITADO,6,MIDLANDS COLLEGE,D,PUBLICA y CALLE 87,S/N,,,,,FLORIDA,435-21510,ANEXO 4256,0,0,0,0,0,0,0,,,,,,,,,,
FLORIDA - HABILITADO_008,FLORIDA,NINGUNA,HABILITADO,8,SANTA TERESA DE AVILA,D,FAUSTINO LOPEZ,777,,,,,FLORIDA,4351 29 91,,0,0,0,0,0,0,0,,,,,,,,,,
FLORIDA - HABILITADO_009,FLORIDA,NINGUNA,HABILITADO,9,GREEN SCHOOL,,FAUSTINO LOPEZ,777,,,,,FLORIDA,,,,,,,,,,,,,,,,,,,
FLORIDA - JARDIN_001,FLORIDA,NINGUNA,JARDIN,1,CEN. DE ED. PREESCOLAR INTEGRAL,,RODO entre BATLLE Y ORDOÑEZ y GALLINAL,529,,,,,FLORIDA,4352 6092,,0,0,0,0,0,0,0,,,,,,,,,,
LAVALLEJA - HABILITADO_001,LAVALLEJA,NINGUNA,HABILITADO,1,COOP. Ntra. Sra. DEL VERDUN (CO.N.SE.VER.),T,JUAN ANTONIO LAVALLEJA,513,,,,,MINAS,444-27398,,0,0,0,0,0,0,0,,,,,,,,,,
LAVALLEJA - HABILITADO_002,LAVALLEJA,NINGUNA,HABILITADO,2,SAN JOSE,T,Av. ARTIGAS,1226,,,,,MINAS,444-22018,,0,0,0,0,0,0,0,,,,,,,,,,
LAVALLEJA - HABILITADO_004,LAVALLEJA,NINGUNA,HABILITADO,4,MARIA AUXILIADORA,D,DUBRA,S/N,,,,,BATLLE Y ORDOÑEZ,446-92099,,0,0,0,0,0,0,0,,,,,,,,,,
LAVALLEJA - HABILITADO_005,LAVALLEJA,NINGUNA,HABILITADO,5,LA PRESENTACION,M,MARIA COYA,S/N,,,,,JOSE PEDRO VARELA,445-59168,,0,0,0,0,0,0,0,,,,,,,,,,
LAVALLEJA - HABILITADO_007,LAVALLEJA,NINGUNA,HABILITADO,7,INSTITUTO DE EDUCACION INTEGRAL,D,25 DE MAYO,664,,,,,MINAS,444-22140,,0,0,0,0,0,0,0,,,,,,,,,,
LAVALLEJA - HABILITADO_008,LAVALLEJA,NINGUNA,HABILITADO,8,BILINGÜE DE MINAS,D,DOMINGO PEREZ,580,,,,,MINAS,444-26080,,0,0,0,0,0,0,0,,,,,,,,,,
LAVALLEJA - ESPECIAL_001,LAVALLEJA,NINGUNA,ESPECIAL,1,CENTRO DESPERTAR,D,TREINTA Y TRES,437,,,,,MINAS,44426709,,0,0,0,0,0,0,0,,,,,,,,,,
MALDONADO - HABILITADO_001,MALDONADO,NINGUNA,HABILITADO,1,HERMANAS CAPUCHINAS,T,Dr. EDYE,738,,,,,MALDONADO,42-223441,,0,0,0,0,0,0,0,,,,,,,,,,
MALDONADO - HABILITADO_002,MALDONADO,NINGUNA,HABILITADO,2,SAN FRANCISCO DE ASIS,D,SANABRIA y BUENOS AIRES,S/N,,,,,PIRIAPOLIS,4432 12 60,,0,0,0,0,0,0,0,,,,,,,,,,
MALDONADO - HABILITADO_003,MALDONADO,NINGUNA,HABILITADO,3,Ntra. Sra. DEL ROSARIO,D,18 DE JULIO,770,,,,,SAN CARLOS,42-669194,,0,0,0,0,0,0,0,,,,,,,,,,
MALDONADO - HABILITADO_004,MALDONADO,NINGUNA,HABILITADO,4,VIRGEN DEL SANTANDER,D,25 DE MAYO,828,,,,,MALDONADO,442-21811,,0,0,0,0,0,0,0,,,,,,,,,,
MALDONADO - HABILITADO_008,MALDONADO,NINGUNA,HABILITADO,8,INSTITUTO URUGUAYO ARGENTINO (I.U.A.),D,LA FORET y PASCUAL GATTAS,-,,,,,PUNTA DEL ESTE,42-483233 / 42-487948,,0,0,0,0,0,0,0,,,,,,,,,,
MALDONADO - HABILITADO_014,MALDONADO,NINGUNA,HABILITADO,14,INSTITUTO DE EDUCACIÓN PAN DE AZÚCAR,D,LEONARDO OLIVERA,718,,,,,PAN DE AZUCAR,443-48303,,0,0,0,0,0,0,0,,,,,,,,,,
MALDONADO - HABILITADO_016,MALDONADO,NINGUNA,HABILITADO,16,JARDiN Y COLEGIO MALDONADO,D,Av. LAVALLEJA y18 DE JULIO,-,,,,,MALDONADO,42-22337,,0,0,0,0,0,0,0,,,,,,,,,,
MALDONADO - HABILITADO_017,MALDONADO,NINGUNA,HABILITADO,17,INTERNATIONAL BILINGUAL SCHOOL (I.B.S.),T,ISLANDIA y LUXEMBURGO,-,,,,,MÓNACO,42-233893,,0,0,0,0,0,0,0,,,,,,,,,,
MALDONADO - HABILITADO_018,MALDONADO,NINGUNA,HABILITADO,18,PINARES DEL ESTE,D,LOS GLADIOLOS y LAS BEGONIAS,-,,,,,MALDONADO,442-27485,,0,0,0,0,0,0,0,,,,,,,,,,
MALDONADO - HABILITADO_019,MALDONADO,NINGUNA,HABILITADO,19,INST. EDUCATIVO CAROLINO (I.E.C.),D,CURBELO,673,,,,,SAN CARLOS,42-663494,,0,0,0,0,0,0,0,,,,,,,,,,
MALDONADO - HABILITADO_021,MALDONADO,NINGUNA,HABILITADO,21,JOAQUiN TORRES GARCIA,D,MONTECARLO y SORRENTO,S/N,,,,,PIRIAPOLIS,443-26628,,0,0,0,0,0,0,0,,,,,,,,,,
MALDONADO - HABILITADO_022,MALDONADO,NINGUNA,HABILITADO,22,INSTITUTO SAN CARLOS,D,RINCON,981,,,,,SAN CARLOS,426-69036,,0,0,0,0,0,0,0,,,,,,,,,,
MALDONADO - HABILITADO_024,MALDONADO,NINGUNA,HABILITADO,24,EL PRINCIPITO,D,RUTA 37 entre MAGALLANES y GABOTO ,S/N,,,,,PIRIAPOLIS,443-26162,,0,0,0,0,0,0,0,,,,,,,,,,
MALDONADO - HABILITADO_025,MALDONADO,NINGUNA,HABILITADO,25,WOODSIDE SCHOOL,D,SHAKESPEARE y CALDERON DE LA BARCA,S/N,,,,,PUNTA DEL ESTE,442-52558 / 442-27238,,0,0,0,0,0,0,0,,,,,,,,,,
MALDONADO - HABILITADO_026,MALDONADO,NINGUNA,HABILITADO,26,SAINT JOSEPH MARY COLLEGE,D,Bv. ARTIGAS y LOUVRE,S/N,,,,,PUNTA DEL ESTE,422-48979 / 422-48980,,0,0,0,0,0,0,0,,,,,,,,,,
MALDONADO - HABILITADO_027,MALDONADO,NINGUNA,HABILITADO,27,SAINT CLARE'S COLLEGE,D,CALIFORNIA y LOS MEDANOS,S/N,,,,,PUNTA DEL ESTE,424-90200,,0,0,0,0,0,0,0,,,,,,,,,,
MALDONADO - HABILITADO_028,MALDONADO,NINGUNA,HABILITADO,28,BIARRITZ,D,SERAFIN J. GARCÍA,S/N,,,,,MALDONADO,4224 3107,PREESCOLAR MANITOS SUCIAS,0,0,0,0,0,0,0,,,,,,,,,,
MALDONADO - HABILITADO_032,MALDONADO,NINGUNA,HABILITADO,32,PADRE PIO ,,SATURNO CASI VENUS,S/N,,,,,LAS MARIAS,4223 87 48,,0,0,0,0,0,0,0,,,,,,,,,,
MALDONADO - HABILITADO_033,MALDONADO,NINGUNA,HABILITADO,33,F.IN.IN.,,25 DE AGOSTO,840,,,,,SAN CARLOS,4266 5066,,0,0,0,0,0,0,0,,,,,,,,,,
MALDONADO - HABILITADO_034,MALDONADO,NINGUNA,HABILITADO,34,LATINOAMERICANO,-,GUTIERREZ RUIZ,771,,,,,MALDONADO,42238495,,0,0,0,0,0,0,0,,,,,,,,,,
MALDONADO - HABILITADO_035,MALDONADO,NINGUNA,HABILITADO,35,INSTITUTO FERNANDINO,T,RINCÓN,1128,,,,,MALDONADO,4224 28 97,,0,0,0,0,0,0,0,,,,,,,,,,
MALDONADO - HABILITADO_036,MALDONADO,NINGUNA,HABILITADO,36,OLIVOS,D,ESMERALDA ENTRE AMATISTA Y TURMALINA,,,,,,MALDONADO,4225 85 38,,0,0,0,0,0,0,0,,,,,,,,,,
MALDONADO - HABILITADO_037,MALDONADO,NINGUNA,HABILITADO,37,INSITUTO GAIA,D,CALLE 30 ENTRE 48 Y 49,,,,,,BAL. BS. AS. RUTA 10,4277 4159,,0,0,0,0,0,0,0,,,,,,,,,,
MALDONADO - HABILITADO_038,MALDONADO,NINGUNA,HABILITADO,38,EMY EDUCA SCHOOL,D,ZELMAR MICHELLINI Y LOS MIRLOS,,,,,,MALDONADO,4223 8390,,0,0,0,0,0,0,0,,,,,,,,,,
MALDONADO - HABILITADO_039,MALDONADO,NINGUNA,HABILITADO,39,LA COLMENA,D,CAMINO VECINAL EX RUTA 109 KM 23,,,,,,SIERRA DE ROCHA/ PUNTA DE ALFERES,4440 6714,,0,0,0,0,0,0,0,,,,,,,,,,
MALDONADO - HABILITADO_040,MALDONADO,NINGUNA,HABILITADO,40,BLUE BLUE ELEFANTE,D,AVDA. JUANA DE AMERICA ENTRE R. RISO Y CAYETANO SILVA,,,,,,SAN CARLOS,4277 37 37,,0,0,0,0,0,0,0,,,,,,,,,,
MALDONADO - HABILITADO_041,MALDONADO,NINGUNA,HABILITADO,41,INTERNATIONAL COLLEGE,D,BR. ARTIGAS Y AVDA. DEL MAR,,,,,,PUNTA DEL ESTE,4222 8888,,0,0,0,0,0,0,0,,,,,,,,,,
MALDONADO - HABILITADO_042,MALDONADO,NINGUNA,HABILITADO,42,DREAMDAYS COLLEGE,D,MERCEDES entre PRADO Y LOUVRE,,,,,,PUNTA DEL ESTE,4224 9199,,0,0,0,0,0,0,0,,,,,,,,,,
MALDONADO - CH_043,MALDONADO,NINGUNA,HABILITADO,43,COLEGIO MERAKI,D,CALLE N.º49 LA CABALLADA-BALNEARIO BUENOS AIRES,,,,,,BAL. BS. AS. ,99688486,,,,,,,,,,,,,,,,,,
MALDONADO - CH_044,MALDONADO,NINGUNA,HABILITADO,44,THE NEW SCHOOL,D,CAMINO AL CERRO EGUZQUIZA Y CAMINO VECINAL,,,,,,BARRA DE MALDONADO,98311068,,,,,,,,,,,,,,,,,,
MALDONADO - CH_045,MALDONADO,NINGUNA,HABILITADO,45,INSTITUTO EDUCACIÓN EVANGELICO (I.E.E),D,JOAQUIN DE VIANA,873,,,,,MALDONADO,4224 2292,,,,,,,,,,,,,,,,,,
,MALDONADO,NINGUNA,HABILITADO,46,LUZ DEL SOL,D,CAMINO LUSSICH ,S/N,,,,,PUNTA BALLENA,098 06 16 06,,,,,,,,,,,,,,,,,,
,MALDONADO,NINGUNA,HABILITADO,47,ESPACIO EDUCATIVO INTEGRAL SOL Y LUNA,,PELICANO ESQ. TEROS,,,,,,MALDONADO,4225 8099,,,,,,,,,,,,,,,,,,
,MALDONADO,NINGUNA,HABILITADO,48,BICHITOS DE LUZ,,ACUÑA DE FIGUEROA Y AVDA. ROOSEVELT,,,,,,MALDONADO,4224 4485,,,,,,,,,,,,,,,,,,
,MALDONADO,NINGUNA,HABILITADO,49,IKIGAI,,PEJERREYES ESQ. TIBURONES,,,,,,PUNTA DEL ESTE,099 909 198,,,,,,,,,,,,,,,,,,
,MALDONADO,NINGUNA,AUTORIZADO,1,GARZON SCHOOL,,GERARDO MATTOS RODRIGUEZ ESQ. CARLOS CARDEL,,,,,,MALDONADO,098 506 085,,,,,,,,,,,,,,,,,,
MALDONADO - JARDIN_006,MALDONADO,NINGUNA,JARDIN,6,SOMOS AMIGOS,-,ARAZA,853,,,,,MALDONADO,422-24818,,0,0,0,0,0,0,0,,,,,,,,,,
MALDONADO - JARDIN_008,MALDONADO,NINGUNA,JARDIN,8,RAYITO DE SOL,-,GUTIERREZ RUIZ,619,,,,,MALDONADO,422-22897,,0,0,0,0,0,0,0,,,,,,,,,,
MALDONADO - ESPECIAL_003,MALDONADO,NINGUNA,ESPECIAL,3,CADIM,-,AV. M. CHIOSSI Y BURNET,S/N,,,,,MALDONADO,4224 4857,,0,0,0,0,0,0,0,,,,,,,,,,
MALDONADO - ESPECIAL_004,MALDONADO,NINGUNA,ESPECIAL,4,CRECIENDO JUNTOS,-,SAN CARLOS,779,Cno. A LA LAGUNA y PEZ AUSTRAL,S/N (*),,,MALDONADO,42-250314 / 42-246823(*),,0,0,0,0,0,0,0,,,,,,,,,,
MALDONADO - ESPECIAL_005,MALDONADO,NINGUNA,ESPECIAL,5,CEN. DE ESTUD. DEL NIÑO ESPECIAL (C.E.N.E.),-,JOAQUIN SUAREZ y PIEDRAS,S/N,,,,,SAN CARLOS,42-235755,,0,0,0,0,0,0,0,,,,,,,,,,
MALDONADO - ESPECIAL_006,MALDONADO,NINGUNA,ESPECIAL,6,INSTITUTO DE EDUCACION INTEGRAL (I.D.E.I.),-,18 DE JULIO,630,,,,,SAN CARLOS,46-269387,,0,0,0,0,0,0,0,,,,,,,,,,
PAYSANDÚ - HABILITADO_002,PAYSANDÚ,NINGUNA,HABILITADO,2,Ntra. Sra. DEL HUERTO,T,FLORIDA,1137,,,,,PAYSANDU,472-22358,,0,0,0,0,0,0,0,,,,,,,,,,
PAYSANDÚ - HABILITADO_004,PAYSANDÚ,NINGUNA,HABILITADO,4,Ntra. Sra. DEL ROSARIO,T,FLORIDA,1278,,,,,PAYSANDU,472 22361,,0,0,0,0,0,0,0,,,,,,,,,,
PAYSANDÚ - HABILITADO_005,PAYSANDÚ,NINGUNA,HABILITADO,5,ADVENTISTA  ARTIGAS,D,URUGUAY,1176,,,,,PAYSANDU,472-37786,,0,0,0,0,0,0,0,,,,,,,,,,
PAYSANDÚ - HABILITADO_006,PAYSANDÚ,NINGUNA,HABILITADO,6,PADRE JOSE BENITO LAMAS,T,INDEPENDENCIA,629,,,,,PAYSANDU,472-27943,,0,0,0,0,0,0,0,,,,,,,,,,
PAYSANDÚ - HABILITADO_007,PAYSANDÚ,NINGUNA,HABILITADO,7,LIBERTY SCHOOL,D,Av. SALTO y LIBERTAD,-,,,,,PAYSANDU,472-31718,,0,0,0,0,0,0,0,,,,,,,,,,
PAYSANDÚ - HABILITADO_008,PAYSANDÚ,NINGUNA,HABILITADO,8,INTEGRAL MAFALDA,T,SARANDI,1700,,,,,PAYSANDU,472-26199,,0,0,0,0,0,0,0,,,,,,,,,,
PAYSANDÚ - HABILITADO_009,PAYSANDÚ,NINGUNA,HABILITADO,9,MASTER,D,ITUZAINGÓ,1185,,,,,PAYSANDÚ,4723-4467,,0,0,0,0,0,0,0,,,,,,,,,,
PAYSANDÚ - HABILITADO_010,PAYSANDÚ,NINGUNA,HABILITADO,10,LOS CANDILES,D,Dr. LUIS ALBERTO DE HERRERA,714,,,,,PAYSANDU,4722-0289,,0,0,0,0,0,0,0,,,,,,,,,,
PAYSANDÚ - AUTORIZADO_002,PAYSANDÚ,NINGUNA,AUTORIZADO,2,ESTABLECIMIENTO DEL CERRO,D,PASO DEL CERRO DEL QUEGUAY,S/N,,,,,PARAJE,099 830 335,,0,0,0,0,0,0,0,,,,,,,,,,
PAYSANDÚ - JARDIN_003,PAYSANDÚ,NINGUNA,JARDIN,3,EL JARDIN DE MIRTHA,-,CERRITO,820,,,,,PAYSANDU,4722 15 32,,0,0,0,0,0,0,0,,,,,,,,,,
PAYSANDÚ - ESPECIAL_001,PAYSANDÚ,NINGUNA,ESPECIAL,1,INST. TUGUA,-,RUTA 3 Km 486,,,,,,TERMAS DEL DAYMÁN,4736 97 17,,0,0,0,0,0,0,0,,,,,,,,,,
PAYSANDÚ - ESPECIAL_002,PAYSANDÚ,NINGUNA,ESPECIAL,2,AMIGOS,-,LEANDRO GOMEZ,1058,,,,,PAYSANDÚ,4724 26 82,,0,0,0,0,0,0,0,,,,,,,,,,
PAYSANDÚ - ESPECIAL_003,PAYSANDÚ,NINGUNA,ESPECIAL,3,MOIRÚ,-,INTENDENCIA,762,,,,,PAYSANDÚ,4722 40 85,,0,0,0,0,0,0,0,,,,,,,,,,
PAYSANDÚ - ESPECIAL_004,PAYSANDÚ,NINGUNA,ESPECIAL,4,A.PRO.DI.ME.,-,Av. ENRIQUE CHAPLIN,626,,,,,PAYSANDÚ,472.20.090,,0,0,0,0,0,0,0,,,,,,,,,,
PAYSANDÚ - ESPECIAL_005,PAYSANDÚ,NINGUNA,ESPECIAL,5,ASOC. DE APOYO AL DISC. VISUAL (AS.A.DI.VI.),-,TACUAREMBO y INDEPENDENCIA,-,,,,,,472.35.510,,0,0,0,0,0,0,0,,,,,,,,,,
RÍO NEGRO - HABILITADO_001,RÍO NEGRO,NINGUNA,HABILITADO,1,SAN JOSE,D,ZORRILA y 25 DE AGOSTO,S/N,,,,,FRAY BENTOS,456-23826,,0,0,0,0,0,0,0,,,,,,,,,,
RÍO NEGRO - HABILITADO_002,RÍO NEGRO,NINGUNA,HABILITADO,2,LAURELES DE LA INMACULADA,T,Cno. BATLLE Y ORDOÑEZ y Cno. STIGILIANI,S/N,,,,,FRAY BENTOS,456-22592,,0,0,0,0,0,0,0,,,,,,,,,,
RÍO NEGRO - HABILITADO_003,RÍO NEGRO,NINGUNA,HABILITADO,3,SAN VICENTE DE PAUL,D,HERVIDERO,1896,,,,,YOUNG,456-72244,,0,0,0,0,0,0,0,,,,,,,,,,
RÍO NEGRO - HABILITADO_005,RÍO NEGRO,NINGUNA,HABILITADO,5,YOUNG DAY SCHOOL,D,ASENCIO,-,,,,,YOUNG,456-72832,,0,0,0,0,0,0,0,,,,,,,,,,
RÍO NEGRO - HABILITADO_006,RÍO NEGRO,NINGUNA,HABILITADO,6,FRAY BENTOS,D,25 DE AGOSTO,3296,,,,,FRAY BENTOS,4562 18 40,,0,0,0,0,0,0,0,,,,,,,,,,
RÍO NEGRO - AUTORIZADO_001,RÍO NEGRO,NINGUNA,AUTORIZADO,1,ESCUELA ALEMANA COLONIA GARTENTAL,M, SAN JAVIER,-,,,,,COLONIA GARTENTAL,4560 98 33,,0,0,0,0,0,0,0,,,,,,,,,,
RÍO NEGRO - AUTORIZADO_002,RÍO NEGRO,NINGUNA,AUTORIZADO,2,MENNONITA EL OMBU,M,COLONIA EL OMBU Km 284,S/N,,,,,YOUNG,456-72725,,0,0,0,0,0,0,0,,,,,,,,,,
RÍO NEGRO - ESPECIAL_001,RÍO NEGRO,NINGUNA,ESPECIAL,1,INSTITUTO INTEGRAL DE RIO NEGRO,-,25 DE AGOSTO,3168,,,,,FRAY BENTOS,456-29339,,0,0,0,0,0,0,0,,,,,,,,,,
RIVERA - HABILITADO_001,RIVERA,NINGUNA,HABILITADO,1,MARIA INMACULADA TERESIANO,T,MONSEÑOR VERA,1186,,,,,RIVERA,462-23384,,0,0,0,0,0,0,0,,,,,,,,,,
RIVERA - HABILITADO_004,RIVERA,NINGUNA,HABILITADO,4,RODO,D,URUGUAY,716,,,,,RIVERA,462-29105,,0,0,0,0,0,0,0,,,,,,,,,,
RIVERA - HABILITADO_006,RIVERA,NINGUNA,HABILITADO,6,SAINT CATHERINE'S SCHOOL,T,ITUZAINGÓ,696,,,,,RIVERA,462-31432,,0,0,0,0,0,0,0,,,,,,,,,,
RIVERA - HABILITADO_007,RIVERA,NINGUNA,HABILITADO,7,ESC. NATURAL E INTEGRAL DE RIVERA (E.N.I.R.),D,Bv. JOSÉ BATLLE Y ORDOÑEZ,925,,,,,RIVERA,4622 5818,,0,0,0,0,0,0,0,,,,,,,,,,
RIVERA - HABILITADO_008,RIVERA,NINGUNA,HABILITADO,8,ESCUELA CRISTIANA,D,PANTALEON QUESADA,725,,,,,RIVERA,462-31290,,0,0,0,0,0,0,0,,,,,,,,,,
RIVERA - HABILITADO_009,RIVERA,NINGUNA,HABILITADO,9,JUAN PABLO II,D,Gral. JOSE ARTIGAS,264,,,,,RIVERA,462-25208,,0,0,0,0,0,0,0,,,,,,,,,,
RIVERA - HABILITADO_010,RIVERA,NINGUNA,HABILITADO,10,GREEN LAND SCHOOL,D,Gral. ARTIGAS,1134,,,,,RIVERA,4623 7046,,,,,,,,,,,,,,,,,,
RIVERA - HABILITADO_011,RIVERA,NINGUNA,HABILITADO,11,JULIO VERNE,,FAUSTINO CARAMBULA,1126,,,,,RIVERA,98792152,,,,,,,,,,,,,,,,,,
RIVERA - ESPECIAL_001,RIVERA,NINGUNA,ESPECIAL,1,CEN. ED. DE REHABILITACION INTEGRAL (C.E.R.I.),-,ITUZAINGÓ,1228,,,,,RIVERA,462-32058,,0,0,0,0,0,0,0,,,,,,,,,,
RIVERA - ESPECIAL_002,RIVERA,NINGUNA,ESPECIAL,2,A.P.A.D.I.R.,-,ARTIGAS,1284,,,,,,4622 0747,,0,0,0,0,0,0,0,,,,,,,,,,
ROCHA - ESPECIAL_001,ROCHA,NINGUNA,ESPECIAL,1,CEN. DE AYUDA AL DISCAPACITADO (C.A.DI.),,18 DE JULIO,1935,NUÑEZ CASTILLO,1296(*),,,ROCHA / CASTILLOS(*),4472 0811 / 4475 9658 (*),(*) CENTRO DE AYUDA AL DISCAPACITADO (anexo),0,0,0,0,0,0,0,,,,,,,,,,
ROCHA - ESPECIAL_003,ROCHA,NINGUNA,ESPECIAL,3,C.R.I.I.A.R.,,JOSE ENRIQUE RODO,34,,,,,ROCHA,44720877,,0,0,0,0,0,0,0,,,,,,,,,,
ROCHA - HABILITADO_001,ROCHA,NINGUNA,HABILITADO,1,DAMASO ANTONIO LARRAÑAGA,D,RINCON,117,,,,,ROCHA,447- 22519,,0,0,0,0,0,0,0,,,,,,,,,,
ROCHA - HABILITADO_002,ROCHA,NINGUNA,HABILITADO,2,SAN JOSE,T,JOSE PEDRO RAMIREZ,203,,,,,ROCHA,447-22631,,0,0,0,0,0,0,0,,,,,,,,,,
ROCHA - HABILITADO_003,ROCHA,NINGUNA,HABILITADO,3,MARIA AUXILIADORA,D,MISIONES,1358,,,,,LASCANO,445-69042,,0,0,0,0,0,0,0,,,,,,,,,,
ROCHA - HABILITADO_006,ROCHA,NINGUNA,HABILITADO,6,CEN. DE ENSEÑANZA INTEGRAL (C.E.I.),T,TREINTA Y TRES,2049,,,,,ROCHA,447-28796,,0,0,0,0,0,0,0,,,,,,,,,,
SALTO - HABILITADO_001,SALTO,NINGUNA,HABILITADO,1,Ntra. Sra. DEL CARMEN,D,Gral ARTIGAS,543,,,,,SALTO,473-34004,,0,0,0,0,0,0,0,,,,,,,,,,
SALTO - HABILITADO_002,SALTO,NINGUNA,HABILITADO,2,COOP. DEL COL. Y LICEO INMACULADA CONCEPCION,T,Gral. ARTIGAS,838,,,,,SALTO,473-32229,,0,0,0,0,0,0,0,,,,,,,,,,
SALTO - HABILITADO_003,SALTO,NINGUNA,HABILITADO,3,CRANDON,T,AGRACIADA,1145,,,,,SALTO,473-33754,,0,0,0,0,0,0,0,,,,,,,,,,
SALTO - HABILITADO_004,SALTO,NINGUNA,HABILITADO,4,MARIA AUXILIADORA,D,LAS PIEDRAS,69,,,,,SALTO,473-32342,,0,0,0,0,0,0,0,,,,,,,,,,
SALTO - HABILITADO_005,SALTO,NINGUNA,HABILITADO,5,SAGRADA FAMILIA,T,MISIONES y URUGUAY,6,,,,,SALTO,473-32386,,0,0,0,0,0,0,0,,,,,,,,,,
SALTO - HABILITADO_007,SALTO,NINGUNA,HABILITADO,7,PARROQUIAL SANTA CRUZ,T,DIAGONAL CENTENARIO,2242,,,,,SALTO,473-27743,,0,0,0,0,0,0,0,,,,,,,,,,
SALTO - HABILITADO_009,SALTO,NINGUNA,HABILITADO,9,Dr. CARLOS VAZ FERREIRA,T,INVERNIZZI,147,,,,,SALTO,473-30920,,0,0,0,0,0,0,0,,,,,,,,,,
SALTO - HABILITADO_010,SALTO,NINGUNA,HABILITADO,10,LOS ROBLES,D,URUGUAY,1055,,,,,SALTO,47328269,,0,0,0,0,0,0,0,,,,,,,,,,
SALTO - JARDIN_001,SALTO,NINGUNA,JARDIN,1,MATERNAL DE MARIA,-,SANTA ROSA y PARAGUAY,-,,,,,SALTO,,,0,0,0,0,0,0,0,,,,,,,,,,
SALTO - JARDIN_003,SALTO,NINGUNA,JARDIN,3,EL JARDIN DE ANA,-,FLORENCIO SANCHEZ,149,,,,,SALTO,473-25012,,0,0,0,0,0,0,0,,,,,,,,,,
SALTO - JARDIN_004,SALTO,NINGUNA,JARDIN,4,BOTON TOLON,-,25 DE AGOSTO,135,,,,,SALTO,473-32356,,0,0,0,0,0,0,0,,,,,,,,,,
SALTO - JARDIN_006,SALTO,NINGUNA,JARDIN,6,ECO JARDIN INFANTIL,-,RIVERA,767,,,,,SALTO,473-38650,,0,0,0,0,0,0,0,,,,,,,,,,
SALTO - JARDIN_007,SALTO,NINGUNA,JARDIN,7,MANUELITA,-,WASHINGTON BELTRAN,261,,,,,SALTO,473-36361,,0,0,0,0,0,0,0,,,,,,,,,,
SALTO - ESPECIAL_001,SALTO,NINGUNA,ESPECIAL,1,CE.D.Y.R.P.,-,ZORRILLA DE SAN MARTIN,33,,,,,SALTO,473-33348,,0,0,0,0,0,0,0,,,,,,,,,,
SALTO - ESPECIAL_002,SALTO,NINGUNA,ESPECIAL,2,CEN. EDUCATIVO PARA NIÑOS AUTISTAS,-,Av. BRASIL,497,,,,,SALTO,473-20152,,0,0,0,0,0,0,0,,,,,,,,,,
SALTO - ESPECIAL_003,SALTO,NINGUNA,ESPECIAL,3,EVOLUCION,-,RIVERA,958,,,,,SALTO,473-30671/72,,0,0,0,0,0,0,0,,,,,,,,,,
SALTO - ESPECIAL_004,SALTO,NINGUNA,ESPECIAL,4,INSTITUTO CRECER,-,ARTIGAS,755,,,,,SALTO,4732 1780,,0,0,0,0,0,0,0,,,,,,,,,,
SAN JOSÉ - HABILITADO_001,SAN JOSÉ,NINGUNA,HABILITADO,1,LA INMACULADA,D,LEON JUDE,S/N,,,,,VILLA RODRIGUEZ,4348- 2015,,0,0,0,0,0,0,0,,,,,,,,,,
SAN JOSÉ - HABILITADO_002,SAN JOSÉ,NINGUNA,HABILITADO,2,SAN JOSE,D,DR. LUIS MORQUIO,946,,,,,LIBERTAD,4345-2169,,0,0,0,0,0,0,0,,,,,,,,,,
SAN JOSÉ - HABILITADO_003,SAN JOSÉ,NINGUNA,HABILITADO,3,Ntra. Sra. DEL HUERTO,T,18 DE JULIO,663,,,,,SAN JOSE DE MAYO,4342 3485,,0,0,0,0,0,0,0,,,,,,,,,,
SAN JOSÉ - HABILITADO_004,SAN JOSÉ,NINGUNA,HABILITADO,4,SAGRADA FAMILIA,T,ASAMBLEA,702,,,,,SAN JOSE DE MAYO,4342- 3446,,0,0,0,0,0,0,0,,,,,,,,,,
SAN JOSÉ - HABILITADO_007,SAN JOSÉ,NINGUNA,HABILITADO,7,KINDER OUR SCHOOL,D,LARRAÑAGA,426,,,,,SAN JOSE DE MAYO,4342 85 34,,0,0,0,0,0,0,0,,,,,,,,,,
SAN JOSÉ - HABILITADO_008,SAN JOSÉ,NINGUNA,HABILITADO,8,ESCUELA DEL PLATA,D,"RUTA 1 KM 31,500",,,,,,SAN JOSE ,099 35 46 90 / 098 76 19 61,,0,0,0,0,0,0,0,,,,,,,,,,
SAN JOSÉ - AUTORIZADO_001,SAN JOSÉ,NINGUNA,AUTORIZADO,1,ALEMAN DELTA,M, ECILDA PAULLIER,S/N,,,,,COLONIA DELTA,098 77 65 52,,0,0,0,0,0,0,0,,,,,,,,,,
SAN JOSÉ - JARDIN_001,SAN JOSÉ,NINGUNA,JARDIN,1,ARCO IRIS,-,MEDINA,961,,,,,LIBERTAD,4345-3492,,0,0,0,0,0,0,0,,,,,,,,,,
SORIANO - HABILITADO_002,SORIANO,NINGUNA,HABILITADO,2,URUGUAYAN AMERICAN SCHOOL,D,18 DE JULIO,538,,,,,MERCEDES,453-23962,,0,0,0,0,0,0,0,,,,,,,,,,
SORIANO - HABILITADO_003,SORIANO,NINGUNA,HABILITADO,3,SAN MIGUEL,-,Gral. ARTIGAS,500,,,,,MERCEDES,453-22264,,0,0,0,0,0,0,0,,,,,,,,,,
SORIANO - HABILITADO_006,SORIANO,NINGUNA,HABILITADO,6,SAN SALVADOR,D,CARLOS P. PUIG,1617,,,,,DOLORES,4534 37 81,,0,0,0,0,0,0,0,,,,,,,,,,
SORIANO - JARDIN_002,SORIANO,NINGUNA,JARDIN,2,SOL Y LUNA,-,PAYSANDU,862,,,,,MERCEDES,4532 95 69,,0,0,0,0,0,0,0,,,,,,,,,,
SORIANO - ESPECIAL_001,SORIANO,NINGUNA,ESPECIAL,1,INST. SORIANO,-,SARANDI,482,,,,,MERCEDES,453-21474,,0,0,0,0,0,0,0,,,,,,,,,,
SORIANO - ESPECIAL_002,SORIANO,NINGUNA,ESPECIAL,2,INST. DOLORES DE ATENCION INTEGRAL,-,Dr. LORENZO CARNELLI y RODO,1496,,,,,DOLORES,453-42665,,0,0,0,0,0,0,0,,,,,,,,,,
SORIANO - ESPECIAL_004,SORIANO,NINGUNA,ESPECIAL,4,INST. URUGUAY  DE ASISTENCIA INTEGRAL,-,PAYSANDU,457,ARTIGAS,298 (*),MINI,1561 (**),MERCEDES / DOLORES (**),453-24754 / 453-23397 (*) / 453-42709 (**),,0,0,0,0,0,0,0,,,,,,,,,,
SORIANO - ESPECIAL_005,SORIANO,NINGUNA,ESPECIAL,5,SER FELIZ,-,JOSE P. VARELA,1472,,,,,DOLORES,4534 2951,,0,0,0,0,0,0,0,,,,,,,,,,
TACUAREMBÓ - HABILITADO_001,TACUAREMBÓ,NINGUNA,HABILITADO,1,JESUS SACRAMENTADO,D,SARANDI,256,,,,,TACUAREMBO,4633 1289,,0,0,0,0,0,0,0,,,,,,,,,,
TACUAREMBÓ - HABILITADO_002,TACUAREMBÓ,NINGUNA,HABILITADO,2,SAN JAVIER,D,Av. REPUBLICA ARGENTINA,S/N,,,,,TACUAREMBO,4632-2210,,0,0,0,0,0,0,0,,,,,,,,,,
TACUAREMBÓ - HABILITADO_003,TACUAREMBÓ,NINGUNA,HABILITADO,3,MARIA AUXILIADORA COLEGIO COOPERATIVA,D,ZORRILLA DE SAN MARTIN,420,,,,,PASO DE LOS TOROS,4664-2079,,0,0,0,0,0,0,0,,,,,,,,,,
TACUAREMBÓ - HABILITADO_004,TACUAREMBÓ,NINGUNA,HABILITADO,4,NORTHLAND SCHOOL,D,,,,,,,TACUAREMBO,4632-4760,,0,0,0,0,0,0,0,,,,,,,,,,
TACUAREMBÓ - HABILITADO_005,TACUAREMBÓ,NINGUNA,HABILITADO,5,ENRIQUETA COMPTE Y RIQUE,D,18 DE JULIO,57,,,,,TACUAREMBO,4632 8655,,0,0,0,0,0,0,0,,,,,,,,,,
TACUAREMBÓ - HABILITADO_006,TACUAREMBÓ,NINGUNA,HABILITADO,6,REDWOOD SCHOOL,D,Av. ORIBE,418,,,,,TACUAREMBO,463-33492,,0,0,0,0,0,0,0,,,,,,,,,,
TACUAREMBÓ - HABILITADO_007,TACUAREMBÓ,NINGUNA,HABILITADO,7,JEAN PIAGET,D,25 DE MAYO,467,,,,,TACUAREMBÓ,4633 13 95,,0,0,0,0,0,0,0,,,,,,,,,,
TACUAREMBÓ - HABILITADO_008,TACUAREMBÓ,NINGUNA,HABILITADO,8,SANTA ISABEL,D,ADELAIDA PUYOL,3746/ 3878,,,,,PASO DE LOS TOROS,4664 6431,,0,0,0,0,0,0,0,,,,,,,,,,
TACUAREMBÓ - JARDIN_001,TACUAREMBÓ,NINGUNA,JARDIN,1,JEAN PIAGET,-,25 DE MAYO,333,,,,,,4632 41 19,,0,0,0,0,0,0,0,,,,,,,,,,
TACUAREMBÓ - JARDIN_002,TACUAREMBÓ,NINGUNA,JARDIN,2,PINOCHO,-,18 DE JULIO,216,,,,,TACUAREMBO,46341481,,0,0,0,0,0,0,0,,,,,,,,,,
TREINTA Y TRES - HABILITADO_002,TREINTA Y TRES,NINGUNA,HABILITADO,2,GLORIA ESTADEZ,M,AVELINO MIRANDA,1563,,,,,TREINTA Y TRES,44522529,,0,0,0,0,0,0,0,,,,,,,,,,
